{
    "type": "Root",
    "children": [
      {
        "type": "Title",
        "text": "The magic of Prince"
      },
      {
        "type": "Paragraph",
        "text": "Prince is a computer program that converts XML and HTML into PDF. It is simple, yet very powerful, and it creates beautiful documents. The purpose of this small document is to showcase the formatting magic Prince can do. We have chosen to highlight eighteen of our favorite features. This document is written in HTML and converted to PDF by Prince. The source file is a compact 13k document, including the embedded CSS, SVG and MathML."
      },
      {
        "type": "Table",
        "title": "TABLE OF CONTENTS",
        "children": [
          {
            "type": "TableCell",
            "row": 0,
            "col": 0,
            "text": "Hyphenation"
          },
          {
            "type": "TableCell",
            "row": 0,
            "col": 1,
            "text": "1"
          },
          {
            "type": "TableCell",
            "row": 1,
            "col": 0,
            "text": "Rounded borders"
          },
          {
            "type": "TableCell",
            "row": 1,
            "col": 1,
            "text": "1"
          },
          {
            "type": "TableCell",
            "row": 2,
            "col": 0,
            "text": "Character substitution"
          },
          {
            "type": "TableCell",
            "row": 2,
            "col": 1,
            "text": "1"
          },
          {
            "type": "TableCell",
            "row": 3,
            "col": 0,
            "text": "HTTP support"
          },
          {
            "type": "TableCell",
            "row": 3,
            "col": 1,
            "text": "1"
          },
          {
            "type": "TableCell",
            "row": 4,
            "col": 0,
            "text": "Web fonts"
          },
          {
            "type": "TableCell",
            "row": 4,
            "col": 1,
            "text": "2"
          },
          {
            "type": "TableCell",
            "row": 5,
            "col": 0,
            "text": "Image resolution"
          },
          {
            "type": "TableCell",
            "row": 5,
            "col": 1,
            "text": "2"
          },
          {
            "type": "TableCell",
            "row": 6,
            "col": 0,
            "text": "Columns"
          },
          {
            "type": "TableCell",
            "row": 6,
            "col": 1,
            "text": "2"
          },
          {
            "type": "TableCell",
            "row": 7,
            "col": 0,
            "text": "CMYK colors"
          },
          {
            "type": "TableCell",
            "row": 7,
            "col": 1,
            "text": "2"
          },
          {
            "type": "TableCell",
            "row": 8,
            "col": 0,
            "text": "Counters"
          },
          {
            "type": "TableCell",
            "row": 8,
            "col": 1,
            "text": "2"
          },
          {
            "type": "TableCell",
            "row": 9,
            "col": 0,
            "text": "Crop and cross marks"
          },
          {
            "type": "TableCell",
            "row": 9,
            "col": 1,
            "text": "2"
          },
          {
            "type": "TableCell",
            "row": 10,
            "col": 0,
            "text": "Math"
          },
          {
            "type": "TableCell",
            "row": 10,
            "col": 1,
            "text": "2"
          },
          {
            "type": "TableCell",
            "row": 11,
            "col": 0,
            "text": "Footnotes"
          },
          {
            "type": "TableCell",
            "row": 11,
            "col": 1,
            "text": "2"
          },
          {
            "type": "TableCell",
            "row": 12,
            "col": 0,
            "text": "Leaders"
          },
          {
            "type": "TableCell",
            "row": 12,
            "col": 1,
            "text": "2"
          },
          {
            "type": "TableCell",
            "row": 13,
            "col": 0,
            "text": "SVG"
          },
          {
            "type": "TableCell",
            "row": 13,
            "col": 1,
            "text": "2"
          },
          {
            "type": "TableCell",
            "row": 14,
            "col": 0,
            "text": "Page floats"
          },
          {
            "type": "TableCell",
            "row": 14,
            "col": 1,
            "text": "2"
          },
          {
            "type": "TableCell",
            "row": 15,
            "col": 0,
            "text": "Headers and footers"
          },
          {
            "type": "TableCell",
            "row": 15,
            "col": 1,
            "text": "2"
          },
          {
            "type": "TableCell",
            "row": 16,
            "col": 0,
            "text": "PDF bookmarks"
          },
          {
            "type": "TableCell",
            "row": 16,
            "col": 1,
            "text": "2"
          }
        ]
      },
      {
        "type": "Column",
        "column": 1,
        "children": [
          {
            "type": "Header",
            "text": "#1: Hyphenation"
          },
          {
            "type": "Paragraph",
            "text": "Prince 6 supports automatic hyphenation which can break words across several lines, adding a hyphen at the word break. Hyphenation is controlled with a set of experimental CSS properties, and hyphenation patterns for different languages can be supplied. Notice how the text in this document is hyphenated."
          },
          {
            "type": "Header",
            "text": "#2: Rounded borders"
          },
          {
            "type": "Paragraph",
            "text": "CSS3 introduces support for rounded borders. In the table below, some of the corners have been rounded. On purpose, the bottom right corner has an asymmetrical shape."
          },
          {
            "type": "Table",
            "children": [
              {
                "type": "TableCell",
                "row": 0,
                "col": 0,
                "text": "fruit"
              },
              {
                "type": "TableCell",
                "row": 0,
                "col": 1,
                "text": "computer"
              },
              {
                "type": "TableCell",
                "row": 1,
                "col": 0,
                "text": "apple"
              },
              {
                "type": "TableCell",
                "row": 1,
                "col": 1,
                "text": "yes"
              },
              {
                "type": "TableCell",
                "row": 2,
                "col": 0,
                "text": "orange"
              },
              {
                "type": "TableCell",
                "row": 2,
                "col": 1,
                "text": "yes"
              }
            ]
          },
          {
            "type": "Header",
            "text": "#3: Character substitution"
          },
          {
            "type": "Paragraph",
            "text": "It’s sometimes convenient to replace one character with another without changing the source document. For example, the apostrophe character is easily found on keyboards, but in print it’s common to replace it with a quotation character. Notice how Prince 6 has replaced the apostrophes in this paragraph."
          }
        ]
      },
      {
        "type": "Column",
        "column": 2,
        "children": [
          {
            "type": "Header",
            "text": "#4: HTTP support"
          },
          {
            "type": "Paragraph",
            "text": "Prince 6 has built-in HTTP support and can fetch pages, images, DTDs and style sheets from the web. The image to the left was automatically fetched when the PDF version was generated."
          },
          {
            "type": "Header",
            "text": "#5: Web fonts"
          },
          {
            "type": "Paragraph",
            "text": "Prince 6 can fetch fonts from the web and use them without installing them on your system. The fonts used in the PDF version of this document are web fonts. We are grateful to Ray Larabie, Dieter Steffmann, and Red Hat for making hi-quality fonts freely available."
          },
          {
            "type": "Header",
            "text": "#6: Image resolution"
          },
          {
            "type": "Paragraph",
            "text": "Sometimes images should be scaled to a certain resolution, rather than to an absolute size. In Prince, you can set the resolution of an image as a property in the style sheet. The smiley face in the previous section was scaled this way. The smiley also represents the challenging Acid2 test, which Prince 6 passes."
          }
        ]
      }
    ]
  }
  