{
    "type": "Root",
    "children": [
      {
        "type": "Header",
        "text": "2010 International Conference On Computer Design And Applications (ICCDA 2010)",
        "children": []
      },
      {
        "type": "Section",
        "text": "III. TOPIC ANALYSIS",
        "children": [
          {
            "type": "Paragraph",
            "text": "The word-topic distributions are unobserved and are learned from data using unsupervised learning methods. LDA can be described as finding a mixture of topics for each document, i.e., P(z | d), with each topic described by words following another probability distribution, i.e., P(t | z). This can be formalized as:"
          },
          {
            "type": "Equation",
            "text": "P(t | d) = Σ_{z=1}^K P(t | z) P(z | d)",
            "children": []
          },
          {
            "type": "Paragraph",
            "text": "where P(t | d) is the probability of the tth word for a given document d and z is the latent topic. P(t | z = j) is the probability of generating a word from topic j in the document d. The number of latent topics Z is defined in advance and controls the granularity of differences among latent topics. LDA estimates the topic-word distribution P(t | z) and the document-topic distribution P(z | d) from an unlabeled corpus of documents using Dirichlet priors for the distributions and a fixed number of topics."
          },
          {
            "type": "Paragraph",
            "text": "Reference Blei et al [11] introduced the LDA model within a general Bayesian framework and developed a variational algorithm for learning the model from data. Reference Griffiths and Steyvers [12] subsequently proposed a learning algorithm based on Gibbs sampling. The Gibbs sampling approach iterates multiple times over each word t_i in document d_i and samples a new topic j for the word based on Equation (8), until the LDA model parameters converge."
          },
          {
            "type": "Equation",
            "text": "P(z_j = j | t_i, d_i, z_{-i}) = (C_{T_j}^z + β) / (Σ_t C_{T_j}^t + Tβ) * (C_{D_j}^z + α) / (Σ_d C_{D_j}^z + Zα)",
            "children": []
          },
          {
            "type": "Equation",
            "text": "P(z_j = j | d_i) = (C_{D_j}^z + α) / (Σ_d C_{D_j}^z + Zα)",
            "children": []
          },
          {
            "type": "Paragraph",
            "text": "Simply put, we are going to use Gibbs sampling methods to compute the mixture coefficients of each topic in a document, and the coefficients of a topic’s multinomial distribution over words."
          },
          {
            "type": "Paragraph",
            "text": "Say we have D documents in the corpora, W unique words appeared within N words in total, and we suppose there are K topics in the corpora. Using Gibbs sampling for LDA we could obtain the results as follows:"
          },
          {
            "type": "Equation",
            "text": "θ [j, k], the mixture coefficient for topic k in document j.",
            "children": []
          },
          {
            "type": "Equation",
            "text": "Φ [k, w], the multinomial coefficient for word w in topic k.",
            "children": []
          },
          {
            "type": "Paragraph",
            "text": "We define the thematic similarity between two research papers p and q as the cosine similarity defined over their topic mixture coefficient vector θ [p] and θ [q]:"
          },
          {
            "type": "Equation",
            "text": "Thematic_Sim(p, q) = θ[p] ⋅ θ[q] / ||θ[p]|| ||θ[q]||",
            "children": []
          },
          {
            "type": "Paragraph",
            "text": "As we know, there are a variety of ways to define the similarity between vectors, but in our experiment we simply choose simple cosine similarity for the computation of recommendations."
          },
          {
            "type": "Paragraph",
            "text": "In our recommendation method we use thematic similarity to replace the original similarity get from user-item matrix, combined with modified item-based method, we could make research paper recommendations for users. This recommendation method could considerably alleviate cold start problem of recommender systems. In a typical recommender system, cold start problem has two situations. One is that when a user has just ranked very few items, it is very difficult to generate recommendations accurately due to the little information of the user we have. The other situation is that when a new item has just been registered in the system, no user has yet given it a rate to the item, so that this item will not get the slightest chance to be recommended. For most recommender systems the first situation is more severe and more common than the second situation. Our method could relieve both the two situations greatly, especially the first situation."
          }
        ]
      },
      {
        "type": "Section",
        "text": "IV. EXPERIMENT",
        "children": [
          {
            "type": "Paragraph",
            "text": "Our experiment is carried in the following procedure and we will demonstrate the result all along, and we will make data and results available online for the convenience of other researchers."
          },
          {
            "type": "Paragraph",
            "text": "We take 122 research papers from the research paper collection of our laboratory, mainly on biometrics research, as the research papers that are going to be used in our recommender system. They are all in Portable Document Format (PDF)."
          },
          {
            "type": "Paragraph",
            "text": "Then all these PDF files are converted into text files using a Java library called Apache PDFBox [22]. These text files can be download at [20]."
          },
          {
            "type": "Paragraph",
            "text": "We preprocessed these text files and use a perl script by David Newman to make these research papers into UCI Bag-Of-Words Dataset format [21]. The dataset generated by us is available here [20]."
          },
          {
            "type": "Paragraph",
            "text": "We implemented the Gibbs sampling algorithm to process the dataset we generated. We took 40 topics, and α =2.0/40, β =0.01 as the parameters in our inference. We successfully computed the coefficient of topic mixture in each research paper and the multinomial coefficient for each..."
          }
        ]
      },
      {
        "type": "Footer",
        "text": "V4-266\nVolume 4",
        "children": []
      }
    ]
  }
  