{
    "type": "Root",
    "children": [
      {
        "type": "Chart",
        "text": "Using your best estimate, what is your organization’s annual revenue (USD)?",
        "children": [
          {
            "type": "BarChart",
            "label": "Annual Revenue Distribution",
            "data": [
              {"label": "$1M to less than $100M", "value": "15%"},
              {"label": "$100M to less than $200M", "value": "12%"},
              {"label": "$200M to less than $300M", "value": "9%"},
              {"label": "$300M to less than $400M", "value": "12%"},
              {"label": "$400M to less than $500M", "value": "3%"},
              {"label": "$500M to less than $1B", "value": "18%"},
              {"label": "$1B to less than $5B", "value": "18%"},
              {"label": "$5B or more", "value": "12%"}
            ]
          }
        ]
      },
      {
        "type": "Paragraph",
        "text": "Below is a list of benefits your company may have experienced since its investment in premium capabilities including connectors/Dataverse. On a scale of 1 to 5, how much do you agree or disagree with the following statements regarding the impact of premium capabilities including connectors/Dataverse on your organization?",
        "children": []
      },
      {
        "type": "BarChartGroup",
        "label": "Impact of Premium Capabilities",
        "children": [
          {
            "type": "BarChart",
            "label": "Increased revenue",
            "data": [
              {"label": "4 – Agree", "value": "27%"},
              {"label": "5 – Strongly agree", "value": "58%"}
            ]
          },
          {
            "type": "BarChart",
            "label": "Improved customer service through better data access",
            "data": [
              {"label": "4 – Agree", "value": "30%"},
              {"label": "5 – Strongly agree", "value": "52%"}
            ]
          },
          {
            "type": "BarChart",
            "label": "Decreased time to market for new products/services/solutions/applications (internal- and external-facing)",
            "data": [
              {"label": "4 – Agree", "value": "42%"},
              {"label": "5 – Strongly agree", "value": "39%"}
            ]
          },
          {
            "type": "BarChart",
            "label": "Enabled faster solution-quoting through better data integration",
            "data": [
              {"label": "4 – Agree", "value": "24%"},
              {"label": "5 – Strongly agree", "value": "55%"}
            ]
          },
          {
            "type": "BarChart",
            "label": "Increased sales through better data integration",
            "data": [
              {"label": "4 – Agree", "value": "52%"},
              {"label": "5 – Strongly agree", "value": "24%"}
            ]
          },
          {
            "type": "BarChart",
            "label": "Decreased costs on third-party licenses previously being spent on in-house app development",
            "data": [
              {"label": "4 – Agree", "value": "45%"},
              {"label": "5 – Strongly agree", "value": "27%"}
            ]
          },
          {
            "type": "BarChart",
            "label": "Decreased costs on professional services previously being spent on in-house app development",
            "data": [
              {"label": "4 – Agree", "value": "36%"},
              {"label": "5 – Strongly agree", "value": "33%"}
            ]
          },
          {
            "type": "BarChart",
            "label": "Decreased cost of delivery",
            "data": [
              {"label": "4 – Agree", "value": "42%"},
              {"label": "5 – Strongly agree", "value": "24%"}
            ]
          },
          {
            "type": "BarChart",
            "label": "Increased agility for system changes reducing cycle time for new products and services",
            "data": [
              {"label": "4 – Agree", "value": "36%"},
              {"label": "5 – Strongly agree", "value": "27%"}
            ]
          },
          {
            "type": "BarChart",
            "label": "Decreased error rate due to increased automation",
            "data": [
              {"label": "4 – Agree", "value": "45%"},
              {"label": "5 – Strongly agree", "value": "18%"}
            ]
          },
          {
            "type": "BarChart",
            "label": "Broken down organizational silos",
            "data": [
              {"label": "4 – Agree", "value": "36%"},
              {"label": "5 – Strongly agree", "value": "15%"}
            ]
          }
        ]
      },
      {
        "type": "Note",
        "text": "Base: 33 US IT decision-makers",
        "children": []
      },
      {
        "type": "Footer",
        "text": "Source: A commissioned study conducted by Forrester Consulting on behalf of Microsoft, May 2022",
        "children": []
      },
      {
        "type": "Footer",
        "text": "THE TOTAL ECONOMIC IMPACT™ OF MICROSOFT POWER PLATFORM PREMIUM CAPABILITIES",
        "children": []
      },
      {
        "type": "PageNumber",
        "text": "27",
        "children": []
      }
    ]
  }
  