{
    "type": "Root",
    "children": [
      {
        "type": "Header",
        "text": "Analysis Of Benefits",
        "children": [
          {
            "type": "SubHeader",
            "text": "Visibility, Security, and Governance",
            "children": [
              {
                "type": "Paragraph",
                "text": "The investment in premium capabilities increased security and visibility around data connections. This increased visibility and confidence in security of the connections meant that developers and data teams could do more with less without spending undue time on managing security or recreating code and components unnecessarily.",
                "children": []
              },
              {
                "type": "List",
                "children": [
                  {
                    "type": "ListItem",
                    "text": "Visibility. One solution architect at a financial services company said Power Platform premium capabilities supported robust governance including a high degree of visibility. They said: 'Thanks to Dataverse, we have visibility over what is being done, and we are in contact with the security teams. We have information about what is created. This allows us to shine some light on the shadow and have visibility on what is done. And we wouldn’t have [that visibility] without it.'",
                    "children": []
                  },
                  {
                    "type": "ListItem",
                    "text": "Security. Ninety-one percent of survey respondents agreed that premium capabilities including connectors and Dataverse increased security and visibility around data connections.",
                    "children": []
                  },
                  {
                    "type": "ListItem",
                    "text": "Governance. A solution architect at a financial services company appreciated the governance provided through Dataverse. They said: 'We’ve been using Dataverse from Day 1 because there are governance tools to be able to track the inventory, for instance, of all the apps and flows created and the data we store in Dataverse. We leveraged the center of excellence starter kit afterwards. And this is heavily relying on Dataverse. All our data for governance purposes, information about who is doing what and what applications are created, what they are doing, and [more] is all stored on Dataverse for us.'",
                    "children": []
                  },
                  {
                    "type": "ListItem",
                    "text": "Eighty-one percent of survey respondents agreed that improved IT governance is a benefit of this solution.",
                    "children": []
                  }
                ]
              }
            ]
          },
          {
            "type": "SubHeader",
            "text": "Data Management",
            "children": [
              {
                "type": "Paragraph",
                "text": "One platform manager at a food manufacturing and distribution company said, 'It’s really best on the integration complexity and the logic complexity.' Interviewed decision-makers relayed that not only data sensitivity but also data complexity and volume were much easier to manage using Power Platform premium capabilities.",
                "children": []
              }
            ]
          },
          {
            "type": "Quote",
            "text": "“We had Power Apps with Office 365, but that’s not enough. One element was missing, which was the premium connectors and especially the Dataverse to be able to complete this digitization.”",
            "attribution": "Head of Power Platform, transportation",
            "children": []
          }
        ]
      },
      {
        "type": "Footer",
        "text": "A FORRESTER TOTAL ECONOMIC IMPACT™ STUDY COMMISSIONED BY MICROSOFT",
        "children": []
      },
      {
        "type": "PageNumber",
        "text": "18",
        "children": []
      }
    ]
  }
  