{
    "type": "Root",
    "children": [
      {
        "type": "Header",
        "text": "Executive Summary",
        "children": [
          {
            "type": "Statistics",
            "children": [
              {
                "type": "StatisticItem",
                "text": "ROI: 140%",
                "children": []
              },
              {
                "type": "StatisticItem",
                "text": "Benefits PV: $14.25M",
                "children": []
              },
              {
                "type": "StatisticItem",
                "text": "NPV: $8.32M",
                "children": []
              }
            ]
          },
          {
            "type": "SubHeader",
            "text": "Benefits (Three-Year)",
            "children": [
              {
                "type": "List",
                "children": [
                  {
                    "type": "ListItem",
                    "text": "Eliminated traditional development effort",
                    "children": [
                      {
                        "type": "StatisticDetail",
                        "text": "$3.8M",
                        "children": []
                      }
                    ]
                  },
                  {
                    "type": "ListItem",
                    "text": "Streamlined business processes",
                    "children": [
                      {
                        "type": "StatisticDetail",
                        "text": "$7.0M",
                        "children": []
                      }
                    ]
                  },
                  {
                    "type": "ListItem",
                    "text": "Application retirement savings",
                    "children": [
                      {
                        "type": "StatisticDetail",
                        "text": "$496.8K",
                        "children": []
                      }
                    ]
                  },
                  {
                    "type": "ListItem",
                    "text": "Improved business outcomes",
                    "children": [
                      {
                        "type": "StatisticDetail",
                        "text": "$3.0M",
                        "children": []
                      },
                      {
                        "type": "Highlight",
                        "text": "3.4% increased revenue (in Year 3)",
                        "children": []
                      }
                    ]
                  }
                ]
              }
            ]
          }
        ]
      }
    ]
  }
  