{
    "type": "Root",
    "children": [
      {
        "type": "Header",
        "text": "Financial Summary",
        "children": [
          {
            "type": "SubHeader",
            "text": "Consolidated Three-Year Risk-Adjusted Metrics",
            "children": [
              {
                "type": "Chart",
                "text": "Cash Flow Chart (Risk-Adjusted)",
                "description": "The chart depicts the cash flow over three years, showing total costs, total benefits, and cumulative net benefits.",
                "children": [
                  {
                    "type": "ChartLine",
                    "label": "Total costs",
                    "color": "Grey",
                    "data": [
                      {"year": "Initial", "value": 0},
                      {"year": "Year 1", "value": -1021500},
                      {"year": "Year 2", "value": -2650800},
                      {"year": "Year 3", "value": -3737000}
                    ]
                  },
                  {
                    "type": "ChartLine",
                    "label": "Total benefits",
                    "color": "Black",
                    "data": [
                      {"year": "Initial", "value": 0},
                      {"year": "Year 1", "value": 2191875},
                      {"year": "Year 2", "value": 5628300},
                      {"year": "Year 3", "value": 10118400}
                    ]
                  },
                  {
                    "type": "ChartLine",
                    "label": "Cumulative net benefits",
                    "color": "Green",
                    "data": [
                      {"year": "Initial", "value": 0},
                      {"year": "Year 1", "value": 1170375},
                      {"year": "Year 2", "value": 2977500},
                      {"year": "Year 3", "value": 6381400}
                    ]
                  }
                ]
              },
              {
                "type": "Paragraph",
                "text": "The financial results calculated in the Benefits and Costs sections can be used to determine the ROI, NPV, and payback period for the composite organization’s investment. Forrester assumes a yearly discount rate of 10% for this analysis.",
                "children": []
              },
              {
                "type": "Note",
                "text": "These risk-adjusted ROI and NPV values are determined by applying risk-adjustment factors to the unadjusted results in each Benefit and Cost section.",
                "children": []
              }
            ]
          },
          {
            "type": "Table",
            "text": "Cash Flow Analysis (Risk-Adjusted Estimates)",
            "children": [
              {
                "type": "TableRow",
                "row": 0,
                "children": [
                  {"type": "TableCell", "row": 0, "col": 0, "text": "Initial"},
                  {"type": "TableCell", "row": 0, "col": 1, "text": "Year 1"},
                  {"type": "TableCell", "row": 0, "col": 2, "text": "Year 2"},
                  {"type": "TableCell", "row": 0, "col": 3, "text": "Year 3"},
                  {"type": "TableCell", "row": 0, "col": 4, "text": "Total"},
                  {"type": "TableCell", "row": 0, "col": 5, "text": "Present Value"}
                ]
              },
              {
                "type": "TableRow",
                "row": 1,
                "children": [
                  {"type": "TableCell", "row": 1, "col": 0, "text": "Total costs"},
                  {"type": "TableCell", "row": 1, "col": 1, "text": "$0"},
                  {"type": "TableCell", "row": 1, "col": 2, "text": "($1,021,500)"},
                  {"type": "TableCell", "row": 1, "col": 3, "text": "($2,650,800)"},
                  {"type": "TableCell", "row": 1, "col": 4, "text": "($3,737,000)"},
                  {"type": "TableCell", "row": 1, "col": 5, "text": "($7,409,300)"},
                  {"type": "TableCell", "row": 1, "col": 6, "text": "($5,927,043)"}
                ]
              },
              {
                "type": "TableRow",
                "row": 2,
                "children": [
                  {"type": "TableCell", "row": 2, "col": 0, "text": "Total benefits"},
                  {"type": "TableCell", "row": 2, "col": 1, "text": "$0"},
                  {"type": "TableCell", "row": 2, "col": 2, "text": "$2,191,875"},
                  {"type": "TableCell", "row": 2, "col": 3, "text": "$5,628,300"},
                  {"type": "TableCell", "row": 2, "col": 4, "text": "$10,118,400"},
                  {"type": "TableCell", "row": 2, "col": 5, "text": "$17,938,575"},
                  {"type": "TableCell", "row": 2, "col": 6, "text": "$14,246,205"}
                ]
              },
              {
                "type": "TableRow",
                "row": 3,
                "children": [
                  {"type": "TableCell", "row": 3, "col": 0, "text": "Net benefits"},
                  {"type": "TableCell", "row": 3, "col": 1, "text": "$0"},
                  {"type": "TableCell", "row": 3, "col": 2, "text": "$1,170,375"},
                  {"type": "TableCell", "row": 3, "col": 3, "text": "$2,977,500"},
                  {"type": "TableCell", "row": 3, "col": 4, "text": "$6,381,400"},
                  {"type": "TableCell", "row": 3, "col": 5, "text": "$10,529,275"},
                  {"type": "TableCell", "row": 3, "col": 6, "text": "$8,319,162"}
                ]
              },
              {
                "type": "TableRow",
                "row": 4,
                "children": [
                  {"type": "TableCell", "row": 4, "col": 0, "text": "ROI"},
                  {"type": "TableCell", "row": 4, "col": 1, "text": ""},
                  {"type": "TableCell", "row": 4, "col": 2, "text": ""},
                  {"type": "TableCell", "row": 4, "col": 3, "text": ""},
                  {"type": "TableCell", "row": 4, "col": 4, "text": ""},
                  {"type": "TableCell", "row": 4, "col": 5, "text": ""},
                  {"type": "TableCell", "row": 4, "col": 6, "text": "140%"}
                ]
              }
            ]
          }
        ]
      },
      {
        "type": "Footer",
        "text": "A FORRESTER TOTAL ECONOMIC IMPACT™ STUDY COMMISSIONED BY MICROSOFT",
        "children": []
      },
      {
        "type": "PageNumber",
        "text": "24",
        "children": []
      }
    ]
  }
  