{
    "type": "Root",
    "children": [
      {
        "type": "Header",
        "text": "2010 International Conference On Computer Design And Applications (ICCDA 2010)",
        "children": []
      },
      {
        "type": "Section",
        "text": "A. User-based Recommendation",
        "children": [
          {
            "type": "Paragraph",
            "text": "In a collaborative filtering algorithm we are to compute the utility P_au of the active user a on a given item i that has not been rated by this user. Since the item i is not rated by user a, thus we have i ∉ S_a. For user-based recommendation, the utility of an unrated item for a user is based on the ratings of that item of the nearest neighbors of the user. A similarity measure between users needs to be defined and a set of nearest neighbors to be selected. Then we combine the ratings of these neighbors on the item in some way."
          },
          {
            "type": "Equation",
            "text": "sim(a,u) = Σ_{v ∈ T_r ∩ S_s} | sim(a,u) * r_ui / Σ_{v ∈ T_r ∩ S_s} | sim(a,u) |",
            "children": []
          },
          {
            "type": "Paragraph",
            "text": "We define the utility of item i for user a as the weighted sum of the ratings of the nearest neighbors v ∈ T_r that have already rated item i:"
          },
          {
            "type": "Equation",
            "text": "P_au = Σ_{v ∈ T_r ∩ S_s} sim(a,u) * r_ui / Σ_{v ∈ T_r ∩ S_s} | sim(a,u) |",
            "children": []
          },
          {
            "type": "Paragraph",
            "text": "In order to take into account the difference in user rating scale by different users, predictions based on deviations from the mean ratings have been proposed. In that case, P_au is computed using the sum of the user mean rating and the weighted sum of deviations from their mean rating of the neighbors that have rated item i:"
          },
          {
            "type": "Equation",
            "text": "P_au = r_a + Σ_{v ∈ T_r ∩ S_s} sim(a,u) * (r_ui - r_u) / Σ_{v ∈ T_r ∩ S_s} | sim(a,u) |",
            "children": []
          },
          {
            "type": "Paragraph",
            "text": "r_u represents the mean rating of user u:"
          },
          {
            "type": "Equation",
            "text": "r_u = Σ_{i ∈ S_u} r_ui / | S_u |",
            "children": []
          }
        ]
      },
      {
        "type": "Section",
        "text": "1) Similarity Measurements",
        "children": [
          {
            "type": "Paragraph",
            "text": "The similarity defined between users or items include but are not limited to the following ways:"
          },
          {
            "type": "Subsection",
            "text": "Pearson correlation:",
            "children": [
              {
                "type": "Equation",
                "text": "pearson(a,u) = Σ_{S_r S_s} (r_ar - r_a)(r_ur - r_u) / √ Σ_{S_r S_s} (r_ar - r_a)² Σ_{S_r S_s} (r_ur - r_u)²",
                "children": []
              }
            ]
          },
          {
            "type": "Subsection",
            "text": "Simple cosine:",
            "children": [
              {
                "type": "Equation",
                "text": "cosine(a,u) = Σ_{S_r S_s} r_ar * r_ui / √ Σ_{S_r S_s} r_ar² Σ_{S_r S_s} r_ui²",
                "children": []
              }
            ]
          },
          {
            "type": "Paragraph",
            "text": "There are also other similarity definitions as Manhattan similarity, Jaccard similarity, Tanimoto score, but we will not describe them here."
          }
        ]
      },
      {
        "type": "Section",
        "text": "B. Item-based Recommendation",
        "children": [
          {
            "type": "Paragraph",
            "text": "In the item-based approach, P_ub, the utility of an unrated item i for the user a is computed as follows:"
          },
          {
            "type": "Equation",
            "text": "P_ub = Σ_r sim(i, k) r_uk / Σ_sim(i, k)",
            "children": []
          },
          {
            "type": "Paragraph",
            "text": "Like the user-based approach, we also have a method to compute utility of i using deviation from the mean rating given by user a."
          },
          {
            "type": "Equation",
            "text": "P_ub = Σ_r sim(i, k) r_uk / K",
            "children": []
          },
          {
            "type": "Paragraph",
            "text": "This formula simply weights the ratings of items according to their respective similarity with the current item being evaluated, and computes an average."
          }
        ]
      },
      {
        "type": "Section",
        "text": "III. TOPIC ANALYSIS",
        "children": [
          {
            "type": "Paragraph",
            "text": "Topic models [10][11] are based upon the idea that with text corpora, a document is a mixture of topics, where a topic is a multinomial distribution over words. The latent dirichlet allocation (LDA) model (or “topic model”) is a generative model for documents: it specifies a simple probabilistic procedure by which documents can be generated. The mixing coefficients for each document and..."
          }
        ]
      },
      {
        "type": "Footer",
        "text": "V4-265\nVolume 4",
        "children": []
      }
    ]
  }
  