{
  "type": "Root",
  "children": [
    {
      "type": "Header",
      "text": "Executive Summary",
      "children": [
        {
          "type": "Paragraph",
          "text": "Expose sensitive, complex, or large-scale data sets to Power Platform.",
          "children": []
        },
        {
          "type": "Paragraph",
          "text": "Data management. Premium capabilities provide the composite organization useful tools to manage and integrate enterprise data quickly and easily.",
          "children": []
        },
        {
          "type": "SubHeader",
          "text": "Unquantified benefits: Business impact",
          "children": [
            {
              "type": "List",
              "children": [
                {
                  "type": "ListItem",
                  "text": "Reliability and reduction of outage and error though automation. Sixty-three percent of survey respondents cited lower error rate due to increased automation as a benefit of premium capabilities including Dataverse/connectors. On average, survey respondents also said their organization’s error rate decreased by 1.8% due to Power Platform premium. Forty-eight percent of survey respondents identified lower downtime or process outages as another benefit. The composite organization experiences these benefits."
                },
                {
                  "type": "ListItem",
                  "text": "Digitization and move-to-cloud strategy. Premium capabilities play a role in digitization and move-to-cloud strategies at the composite organization. Furthermore, 75% of survey respondents agreed that premium capabilities including premium connectors and Dataverse facilitate digital transformation and/or move-to-cloud strategy."
                }
              ]
            }
          ]
        },
        {
          "type": "SubHeader",
          "text": "Costs",
          "children": [
            {
              "type": "Paragraph",
              "text": "Three-year, risk-adjusted PV costs include:",
              "children": []
            },
            {
              "type": "List",
              "children": [
                {
                  "type": "ListItem",
                  "text": "Power Platform premium development costs of $2.10 million PV. For the composite organization, costs to develop solutions using premium capabilities average $40,000 for medium solutions and $93,000 for large solutions. Costs to develop vary based on the scale and nature of the contemplated solutions."
                },
                {
                  "type": "ListItem",
                  "text": "License costs of $3.83 million PV. Premium capabilities enhancing seeded capabilities of Microsoft 365 E3 and E5 allow Power Platform users at the composite organization to incorporate data from premium connector and/or Dataverse sources to be purchased on a per-application or per-user basis."
                }
              ]
            },
            {
              "type": "Paragraph",
              "text": "The financial analysis based on the interviews and survey found that a composite organization experiences benefits of $14.25 million over three years versus costs of $5.93 million, adding up to a net present value (NPV) of $8.32 million and an ROI of 140%.",
              "children": []
            }
          ]
        }
      ]
    },
    {
      "type": "Footer",
      "text": "A FORRESTER TOTAL ECONOMIC IMPACT™ STUDY COMMISSIONED BY MICROSOFT",
      "children": []
    },
    {
      "type": "PageNumber",
      "text": "4",
      "children": []
    }
  ]
}
