{
    "type": "Root",
    "children": [
      {
        "type": "Header",
        "text": "Appendix A: Total Economic Impact",
        "children": [
          {
            "type": "Paragraph",
            "text": "Total Economic Impact is a methodology developed by Forrester Research that enhances a company’s technology decision-making processes and assists vendors in communicating the value proposition of their products and services to clients. The TEI methodology helps companies demonstrate, justify, and realize the tangible value of IT initiatives to both senior management and other key business stakeholders.",
            "children": []
          },
          {
            "type": "SubHeader",
            "text": "Total Economic Impact Approach",
            "children": [
              {
                "type": "List",
                "children": [
                  {
                    "type": "ListItem",
                    "text": "Benefits represent the value delivered to the business by the product. The TEI methodology places equal weight on the measure of benefits and the measure of costs, allowing for a full examination of the effect of the technology on the entire organization.",
                    "children": []
                  },
                  {
                    "type": "ListItem",
                    "text": "Costs consider all expenses necessary to deliver the proposed value, or benefits, of the product. The cost category within TEI captures incremental costs over the existing environment for ongoing costs associated with the solution.",
                    "children": []
                  },
                  {
                    "type": "ListItem",
                    "text": "Flexibility represents the strategic value that can be obtained for some future additional investment building on top of the initial investment already made. Having the ability to capture that benefit has a PV that can be estimated.",
                    "children": []
                  },
                  {
                    "type": "ListItem",
                    "text": "Risks measure the uncertainty of benefit and cost estimates given: 1) the likelihood that estimates will meet original projections and 2) the likelihood that estimates will be tracked over time. TEI risk factors are based on “triangular distribution.”",
                    "children": []
                  }
                ]
              }
            ]
          },
          {
            "type": "Note",
            "text": "The initial investment column contains costs incurred at 'time 0' or at the beginning of Year 1 that are not discounted. All other cash flows are discounted using the discount rate at the end of the year. PV calculations are calculated for each total cost and benefit estimate. NPV calculations in the summary tables are the sum of the initial investment and the discounted cash flows in each year. Sums and present value calculations of the Total Benefits, Total Costs, and Cash Flow tables may not exactly add up, as some rounding may occur.",
            "children": []
          },
          {
            "type": "DefinitionList",
            "children": [
              {
                "type": "DefinitionItem",
                "term": "Present Value (PV)",
                "definition": "The present or current value of (discounted) cost and benefit estimates given at an interest rate (the discount rate). The PV of costs and benefits feed into the total NPV of cash flows.",
                "icon": "PV icon",
                "children": []
              },
              {
                "type": "DefinitionItem",
                "term": "Net Present Value (NPV)",
                "definition": "The present or current value of (discounted) future net cash flows given an interest rate (the discount rate). A positive project NPV normally indicates that the investment should be made, unless other projects have higher NPVs.",
                "icon": "NPV icon",
                "children": []
              },
              {
                "type": "DefinitionItem",
                "term": "Return On Investment (ROI)",
                "definition": "A project’s expected return in percentage terms. ROI is calculated by dividing net benefits (benefits less costs) by costs.",
                "icon": "ROI icon",
                "children": []
              },
              {
                "type": "DefinitionItem",
                "term": "Discount Rate",
                "definition": "The interest rate used in cash flow analysis to take into account the time value of money. Organizations typically use discount rates between 8% and 16%.",
                "icon": "Discount Rate icon",
                "children": []
              },
              {
                "type": "DefinitionItem",
                "term": "Payback Period",
                "definition": "The breakeven point for an investment. This is the point in time at which net benefits (benefits minus costs) equal initial investment or cost.",
                "icon": "Payback Period icon",
                "children": []
              }
            ]
          }
        ]
      },
      {
        "type": "Footer",
        "text": "A FORRESTER TOTAL ECONOMIC IMPACT™ STUDY COMMISSIONED BY MICROSOFT",
        "children": []
      },
      {
        "type": "PageNumber",
        "text": "25",
        "children": []
      }
    ]
  }
  