{
    "type": "Root",
    "children": [
      {
        "type": "Header",
        "text": "Executive Summary",
        "children": [
          {
            "type": "Paragraph",
            "text": "'fusion teams' across the platform including for Power Pages and AI Builder",
            "children": []
          },
          {
            "type": "Paragraph",
            "text": "Microsoft commissioned Forrester Consulting to conduct a Total Economic Impact™ (TEI) study and examine the potential return on investment (ROI) enterprises may realize by deploying Power Platform premium capabilities. The purpose of this study is to provide readers with a framework to evaluate the potential financial impact of Power Platform premium capabilities on their organizations.",
            "children": []
          },
          {
            "type": "Paragraph",
            "text": "To better understand the benefits, costs, and risks associated with this investment, Forrester interviewed four representatives and surveyed 33 respondents with experience using Power Platform premium capabilities. For the purposes of this study, Forrester aggregated the experiences of the interviewees and survey respondents and combined the results into a single composite organization that is a global enterprise with 10,000 employees and revenue of $3 billion per year.",
            "children": []
          },
          {
            "type": "Paragraph",
            "text": "Prior to using Power Platform premium capabilities, these interviewees noted how their organizations could not expose certain segments of enterprise data or data from third-party applications to their Power Platform environments without encountering drawbacks. Companies could either devote substantial development resources or rely on SharePoint or other ad hoc workarounds that were inconvenient for large-scale or complex data models.",
            "children": []
          },
          {
            "type": "Paragraph",
            "text": "These ad hoc efforts to integrate data into Power Platform had several downsides: duplicative coding efforts, lack of visibility and governance, and insufficient security. Some customers simply abandoned their plans for certain solutions, given lack of internal developer resources to build out functionality. They lacked confidence in their ability to manage risks around data for their large-scale, critical use cases.",
            "children": []
          },
          {
            "type": "Paragraph",
            "text": "These limitations led to an increased development backlog, with implications for the number of solutions that the organization could handle. Fewer applications were developed, fewer workflows and processes were automated, and there was less ability to reuse code. The barriers to extending Power Platform development to more solutions and sources of data inhibited development effort at organizations, resulting in lower-quality and less-useful solutions than would have otherwise been possible. Enterprise-scale solutions remained on the IT backlog since low- and no-code Power Platform development was unavailable, keeping 'fusion' development less feasible. Ultimately, companies struggled to reach business outcomes and fully realize the business value of Power Platform without premium capabilities.",
            "children": []
          },
          {
            "type": "Paragraph",
            "text": "After the investment in premium capabilities, the interviewees’ organizations could more fully leverage enterprise data, third-party systems, and systems of record in order to build business-critical solutions. Premium features with the ability to integrate data allowed their companies to overcome technical barriers more easily. Efficiency resulted from expanded access to low-code and no-code tools, as well as the enhanced ability to use flows and automations while developing higher-quality applications that could draw on critical data sources. As a result, organizations were more efficient and explored new avenues for improved business outcomes.",
            "children": []
          }
        ]
      },
      {
        "type": "Footer",
        "text": "A FORRESTER TOTAL ECONOMIC IMPACT™ STUDY COMMISSIONED BY MICROSOFT",
        "children": []
      },
      {
        "type": "PageNumber",
        "text": "2",
        "children": []
      }
    ]
  }
  