{
    "type": "Root",
    "children": [
      {
        "type": "Header",
        "text": "FORRESTER",
        "children": []
      },
      {
        "type": "Title",
        "text": "The Total Economic Impact™ Of Microsoft Power Platform Premium Capabilities",
        "children": []
      },
      {
        "type": "Subtitle",
        "text": "Cost Savings And Business Benefits Enabled By Premium Capabilities",
        "children": []
      },
      {
        "type": "Footer",
        "text": "AUGUST 2022",
        "children": []
      },
      {
        "type": "Footer",
        "text": "A FORRESTER TOTAL ECONOMIC IMPACT™ STUDY COMMISSIONED BY MICROSOFT",
        "children": []
      }
    ]
  }
  