{
    "type": "Root",
    "children": [
      {
        "type": "Header",
        "text": "V. CONCLUSION",
        "children": [
          {
            "type": "Paragraph",
            "text": "Recommender systems are a powerful technology for electronic commerce and social networks. They can help a business to increase sales revenue and help customers to find products to their liking; they also help friends find who share the same taste for things. At the same time their potential impact on scientific research is largely unexplored. We proposed a novel method for research paper recommendation. We proved by our experiment that by making topic analysis on research papers and introducing thematic similarity we could recommend highly relevant papers and considerably alleviate the cold start problem. Even when the user has just rated very few papers, we could still generate satisfactory recommendations."
          }
        ]
      },
      {
        "type": "Header",
        "text": "ACKNOWLEDGMENT",
        "children": [
          {
            "type": "Paragraph",
            "text": "We would like to thank the developers of Apache PDFBox, and Dave Newman for his nicely working perl script. Thank you for your work, so that we don’t need to do everything from scratch."
          }
        ]
      },
      {
        "type": "Header",
        "text": "REFERENCES",
        "children": [
          {
            "type": "List",
            "children": [
              "[1] D. Goldberg, D. Nichols, B. M. Oki and D. Terry, “Using collaborative filtering to weave an information tapestry”, Communication of the ACM 35 (1992), 61-70",
              "[2] P. Resnick et al., “GroupLens: an open architecture for collaborative filtering of netnews”, Proc. ACM 1994 Conf. Computer Supported Cooperative Work, ACM Press, 1994, 175-186",
              "[3] U. Shardanand, P. Maes, “Social information filtering: algorithms for automating ‘word of mouth’”, ACM 1995 Conf. Human Factors in Computing Systems, Vol.1, 210-217",
              "[4] J.A. Konstan et al., “GroupLens: applying collaborative filtering to Usenet news”, Comm. ACM, Vol40,No.3,77-87,1997",
              "[5] J.S. Breese, D. Heckerman and C. Kadie, “Empirical analysis of predictive algorithms for collaborative filtering”, Proc. 14th Conf. Uncertainty in Artificial Intelligence, 1998",
              "[6] B.Sarwar, G. Karypis, J.Konstan and J. Riedl, “Item-Based collaborative filtering recommendation algorithms”, Proc. 10th Int’l WWW Conf. 2001",
              "[7] G. Linden, B. Smith and J. York, “Amazon.com recommendations: item-to-item collaborative filtering”, IEEE Internet Computing, Jan./Feb. 2003",
              "[8] G. Adomavicius and A. Tuzhilin, “Toward the next generation of recommender systems: a survey of the state-of-the-art and possible Extensions”, IEEE Trans. on Knowledge and Data Engineering 17, (2005), 634-749",
              "[9] L. Candillier, F. Meyer and F. Fessant, “Designing specific weighted similarity measures to improve collaborative filtering systems”, ICDM 2008, IAAA 5077, 242-255",
              "[10] T. Hoffman, “Probabilistic latent semantic analysis”, UAI’99",
              "[11] D. Blei, A. Ng and M. Jordan, “Latent dirichlet allocation”, Journal of Machine Learning Research, 3:993-1022, Jan. 2003",
              "[12] T. Griffiths and M. Steyvers, “Finding scientific topics”, PNAS/ USA, 101 Supp1:5228-5235, Apr. 2004",
              "[13] I. Porteous et al. “Fast collapsed Gibbs sampling for latent dirichlet allocation”, KDD’08 August 2008",
              "[14] www.facebook.com",
              "[15] www.douban.com",
              "[16] C. Basu, H. Hirsh, W. Cohen and C. Nevill-Manning, “Technical paper recommendation: a study in combining multiple information sources”, Journal of Machine Learning Research 1 (2001) 231-252",
              "[17] Y. Y. Tang and G. McCalla, “A multidimensional paper recommender – experiments and evaluations”, 2009 IEEE Internet Computing",
              "[18] M. Gori and A. Pucci, “Research paper recommender systems: a random-walk based approach”, Proc. of 2006 IEEE/WIC/ACM Int’l Conf. on Web Intelligence.",
              "[19] T. Bogers and A. van den Bosch, “Recommending scientific articles using CiteULike”, ACM Recsys’08",
              "[20] https://docs.google.com/uc?id=0Bw3EvDfJYdmXZ Dg3NDVlYz cN2E3M0O0ODkL WlY2YTUzYjY3NDY3NDk0OTg&export=download&hl=en",
              "[21] http://archive.ics.uci.edu/ml/datasets/Bag+of+Words",
              "[22] http://pdfbox.apache.org/"
            ]
          }
        ]
      },
      {
        "type": "Table",
        "title": "TABLE V. TOP 5 RECOMMENDATIONS",
        "children": [
          {
            "type": "TableCell",
            "row": 0,
            "col": 0,
            "text": "DOC ID"
          },
          {
            "type": "TableCell",
            "row": 0,
            "col": 1,
            "text": "PREDICTED UTILITY"
          },
          {
            "type": "TableCell",
            "row": 1,
            "col": 0,
            "text": "61"
          },
          {
            "type": "TableCell",
            "row": 1,
            "col": 1,
            "text": "0.66969195"
          },
          {
            "type": "TableCell",
            "row": 2,
            "col": 0,
            "text": "58"
          },
          {
            "type": "TableCell",
            "row": 2,
            "col": 1,
            "text": "0.66002356"
          },
          {
            "type": "TableCell",
            "row": 3,
            "col": 0,
            "text": "55"
          },
          {
            "type": "TableCell",
            "row": 3,
            "col": 1,
            "text": "0.49713037"
          },
          {
            "type": "TableCell",
            "row": 4,
            "col": 0,
            "text": "49"
          },
          {
            "type": "TableCell",
            "row": 4,
            "col": 1,
            "text": "0.37951359"
          },
          {
            "type": "TableCell",
            "row": 5,
            "col": 0,
            "text": "48"
          },
          {
            "type": "TableCell",
            "row": 5,
            "col": 1,
            "text": "0.37416352"
          }
        ]
      }
    ]
  }
  