{
    "type": "Root",
    "children": [
      {
        "type": "Header",
        "text": "ANALYSIS OF BENEFITS",
        "children": [
          {
            "type": "Paragraph",
            "text": "Results. To account for these risks, Forrester adjusted this benefit downward by 10%, yielding a three-year, risk-adjusted total PV (discounted at 10%) of $3.8 million.",
            "children": []
          },
          {
            "type": "Header",
            "text": "Eliminated Traditional Development Effort",
            "children": [
              {
                "type": "Table",
                "children": [
                  {
                    "type": "TableRow",
                    "children": [
                      {"type": "TableCell", "row": 0, "col": 0, "text": "Ref."},
                      {"type": "TableCell", "row": 0, "col": 1, "text": "Metric"},
                      {"type": "TableCell", "row": 0, "col": 2, "text": "Source"},
                      {"type": "TableCell", "row": 0, "col": 3, "text": "Year 1"},
                      {"type": "TableCell", "row": 0, "col": 4, "text": "Year 2"},
                      {"type": "TableCell", "row": 0, "col": 5, "text": "Year 3"}
                    ]
                  },
                  {
                    "type": "TableRow",
                    "children": [
                      {"type": "TableCell", "row": 1, "col": 0, "text": "A1"},
                      {"type": "TableCell", "row": 1, "col": 1, "text": "Large solutions (total)"},
                      {"type": "TableCell", "row": 1, "col": 2, "text": "Composite"},
                      {"type": "TableCell", "row": 1, "col": 3, "text": "3"},
                      {"type": "TableCell", "row": 1, "col": 4, "text": "10"},
                      {"type": "TableCell", "row": 1, "col": 5, "text": "6"}
                    ]
                  },
                  {
                    "type": "TableRow",
                    "children": [
                      {"type": "TableCell", "row": 2, "col": 0, "text": "A2"},
                      {"type": "TableCell", "row": 2, "col": 1, "text": "Medium solutions (total)"},
                      {"type": "TableCell", "row": 2, "col": 2, "text": "Composite"},
                      {"type": "TableCell", "row": 2, "col": 3, "text": "15"},
                      {"type": "TableCell", "row": 2, "col": 4, "text": "30"},
                      {"type": "TableCell", "row": 2, "col": 5, "text": "40"}
                    ]
                  },
                  {
                    "type": "TableRow",
                    "children": [
                      {"type": "TableCell", "row": 3, "col": 0, "text": "A3"},
                      {"type": "TableCell", "row": 3, "col": 1, "text": "Large solutions using premium capabilities"},
                      {"type": "TableCell", "row": 3, "col": 2, "text": "A1*40%"},
                      {"type": "TableCell", "row": 3, "col": 3, "text": "1"},
                      {"type": "TableCell", "row": 3, "col": 4, "text": "4"},
                      {"type": "TableCell", "row": 3, "col": 5, "text": "6"}
                    ]
                  },
                  {
                    "type": "TableRow",
                    "children": [
                      {"type": "TableCell", "row": 4, "col": 0, "text": "A4"},
                      {"type": "TableCell", "row": 4, "col": 1, "text": "Medium solutions using premium capabilities"},
                      {"type": "TableCell", "row": 4, "col": 2, "text": "A2*40%"},
                      {"type": "TableCell", "row": 4, "col": 3, "text": "6"},
                      {"type": "TableCell", "row": 4, "col": 4, "text": "12"},
                      {"type": "TableCell", "row": 4, "col": 5, "text": "16"}
                    ]
                  },
                  {
                    "type": "TableRow",
                    "children": [
                      {"type": "TableCell", "row": 5, "col": 0, "text": "A5"},
                      {"type": "TableCell", "row": 5, "col": 1, "text": "Average cost to develop each large solution"},
                      {"type": "TableCell", "row": 5, "col": 2, "text": "Survey"},
                      {"type": "TableCell", "row": 5, "col": 3, "text": "$250,000"},
                      {"type": "TableCell", "row": 5, "col": 4, "text": "$250,000"},
                      {"type": "TableCell", "row": 5, "col": 5, "text": "$250,000"}
                    ]
                  },
                  {
                    "type": "TableRow",
                    "children": [
                      {"type": "TableCell", "row": 6, "col": 0, "text": "A6"},
                      {"type": "TableCell", "row": 6, "col": 1, "text": "Average cost to develop each medium solution"},
                      {"type": "TableCell", "row": 6, "col": 2, "text": "Survey"},
                      {"type": "TableCell", "row": 6, "col": 3, "text": "$75,000"},
                      {"type": "TableCell", "row": 6, "col": 4, "text": "$75,000"},
                      {"type": "TableCell", "row": 6, "col": 5, "text": "$75,000"}
                    ]
                  },
                  {
                    "type": "TableRow",
                    "children": [
                      {"type": "TableCell", "row": 7, "col": 0, "text": "At"},
                      {"type": "TableCell", "row": 7, "col": 1, "text": "Eliminated traditional development effort"},
                      {"type": "TableCell", "row": 7, "col": 2, "text": "A3*A5+A4*A6"},
                      {"type": "TableCell", "row": 7, "col": 3, "text": "$700,000"},
                      {"type": "TableCell", "row": 7, "col": 4, "text": "$1,900,000"},
                      {"type": "TableCell", "row": 7, "col": 5, "text": "$2,700,000"}
                    ]
                  },
                  {
                    "type": "TableRow",
                    "children": [
                      {"type": "TableCell", "row": 8, "col": 0, "text": "Risk adjustment"},
                      {"type": "TableCell", "row": 8, "col": 1, "text": "↓10%"},
                      {"type": "TableCell", "row": 8, "col": 2, "text": ""},
                      {"type": "TableCell", "row": 8, "col": 3, "text": ""},
                      {"type": "TableCell", "row": 8, "col": 4, "text": ""},
                      {"type": "TableCell", "row": 8, "col": 5, "text": ""}
                    ]
                  },
                  {
                    "type": "TableRow",
                    "children": [
                      {"type": "TableCell", "row": 9, "col": 0, "text": "Atr"},
                      {"type": "TableCell", "row": 9, "col": 1, "text": "Eliminated traditional development effort (risk-adjusted)"},
                      {"type": "TableCell", "row": 9, "col": 2, "text": ""},
                      {"type": "TableCell", "row": 9, "col": 3, "text": "$630,000"},
                      {"type": "TableCell", "row": 9, "col": 4, "text": "$1,710,000"},
                      {"type": "TableCell", "row": 9, "col": 5, "text": "$2,430,000"}
                    ]
                  },
                  {
                    "type": "TableRow",
                    "children": [
                      {"type": "TableCell", "row": 10, "col": 0, "text": "Three-year total:"},
                      {"type": "TableCell", "row": 10, "col": 1, "text": "$4,770,000"},
                      {"type": "TableCell", "row": 10, "col": 2, "text": ""},
                      {"type": "TableCell", "row": 10, "col": 3, "text": ""},
                      {"type": "TableCell", "row": 10, "col": 4, "text": ""},
                      {"type": "TableCell", "row": 10, "col": 5, "text": "Three-year present value: $3,811,645"}
                    ]
                  }
                ]
              }
            ]
          },
          {
            "type": "Header",
            "text": "STREAMLINED BUSINESS PROCESSES",
            "children": [
              {
                "type": "Paragraph",
                "text": "Evidence and data. The interviewees’ and survey respondents’ organizations were able to more fully integrate, leverage, and expose data to Power Platform via the premium capabilities. This improved and accelerated Business Intelligence, automation, and application use cases across the platform. These use cases helped workers and organizations streamline, save time, and become more efficient through transforming processes, changing workflows, and building automations.",
                "children": []
              },
              {
                "type": "Paragraph",
                "text": "The finance department at a bottling and distribution company was able to leverage AI Builder and premium connectors to run regression algorithms to assist with financial forecasting. Elsewhere in the organization, Power Platform with premium capabilities were used to support demand forecast or, alternatively, to support the development of a mobile application to track inventory and automate the process of storing data in a central location.",
                "children": []
              },
              {
                "type": "Paragraph",
                "text": "A multinational food manufacturing and distribution company leveraged a premium connector to handle sensitive data with the appropriate level of care for an enterprisewide COVID-19 tracking application. It also used premium capabilities to support applications in the finance department as well as a project tracking tool and a production migration application.",
                "children": []
              },
              {
                "type": "Paragraph",
                "text": "A solution architect at a financial services company reported that Dataverse was a factor in a significant migration-to-cloud effort at their organization.",
                "children": []
              }
            ]
          }
        ]
      }
    ]
  }
  