{
    "type": "Root",
    "children": [
      {
        "type": "Header",
        "text": "The Red Ribbon Express (RRE)"
      },
      {
        "type": "Paragraph",
        "text": "The Red Ribbon Express (RRE) is the world’s largest mass mobilisation drive on HIV/AIDS. The train will travel through 22 states, during its one year long journey, halting at 152 stations. Through the RRE, NACO, intends to break the silence surrounding the issue of HIV/AIDS, by taking the messages on prevention, care and support to people living in small towns and villages across the country. The aim is also to create an environment, free from stigma and discrimination faced by people living with HIV, so they can access the services, without fear and prejudice, and live a life of dignity. It has proved to be a successful multi-sectoral initiative, of the NACO and a powerful advocacy tool, both at the state and district level, besides enhancing local capacity to deal with HIV prevention."
      },
      {
        "type": "Table",
        "title": "Table 6.1: The highlights of RRE-II coverage (till 11 March, 2010)",
        "children": [
          {
            "type": "TableCell",
            "row": 0,
            "col": 0,
            "text": "State"
          },
          {
            "type": "TableCell",
            "row": 0,
            "col": 1,
            "text": "Date"
          },
          {
            "type": "TableCell",
            "row": 0,
            "col": 2,
            "text": "Halt stations"
          },
          {
            "type": "TableCell",
            "row": 0,
            "col": 3,
            "text": "Halt days"
          },
          {
            "type": "TableCell",
            "row": 0,
            "col": 4,
            "text": "Persons directly reached (in lakh)"
          },
          {
            "type": "TableCell",
            "row": 0,
            "col": 5,
            "text": "Persons trained"
          },
          {
            "type": "TableCell",
            "row": 0,
            "col": 6,
            "text": "Persons counseled"
          },
          {
            "type": "TableCell",
            "row": 0,
            "col": 7,
            "text": "Persons tested for HIV"
          },
          {
            "type": "TableCell",
            "row": 1,
            "col": 0,
            "text": "Delhi"
          },
          {
            "type": "TableCell",
            "row": 1,
            "col": 1,
            "text": "1.12.2009"
          },
          {
            "type": "TableCell",
            "row": 1,
            "col": 2,
            "text": "8"
          },
          {
            "type": "TableCell",
            "row": 1,
            "col": 3,
            "text": "17"
          },
          {
            "type": "TableCell",
            "row": 1,
            "col": 4,
            "text": "1.29"
          },
          {
            "type": "TableCell",
            "row": 1,
            "col": 5,
            "text": "3,665"
          },
          {
            "type": "TableCell",
            "row": 1,
            "col": 6,
            "text": "2,409"
          },
          {
            "type": "TableCell",
            "row": 1,
            "col": 7,
            "text": "1,000"
          },
          {
            "type": "TableCell",
            "row": 2,
            "col": 0,
            "text": "Rajasthan"
          },
          {
            "type": "TableCell",
            "row": 2,
            "col": 1,
            "text": "2.12.2009 to 19.12.2009"
          },
          {
            "type": "TableCell",
            "row": 2,
            "col": 2,
            "text": "8"
          },
          {
            "type": "TableCell",
            "row": 2,
            "col": 3,
            "text": "17"
          },
          {
            "type": "TableCell",
            "row": 2,
            "col": 4,
            "text": "1.29"
          },
          {
            "type": "TableCell",
            "row": 2,
            "col": 5,
            "text": "3,665"
          },
          {
            "type": "TableCell",
            "row": 2,
            "col": 6,
            "text": "2,409"
          },
          {
            "type": "TableCell",
            "row": 2,
            "col": 7,
            "text": "1,000"
          },
          {
            "type": "TableCell",
            "row": 3,
            "col": 0,
            "text": "Gujarat"
          },
          {
            "type": "TableCell",
            "row": 3,
            "col": 1,
            "text": "20.12.2009 to 3.1.2010"
          },
          {
            "type": "TableCell",
            "row": 3,
            "col": 2,
            "text": "6"
          },
          {
            "type": "TableCell",
            "row": 3,
            "col": 3,
            "text": "13"
          },
          {
            "type": "TableCell",
            "row": 3,
            "col": 4,
            "text": "6.03"
          },
          {
            "type": "TableCell",
            "row": 3,
            "col": 5,
            "text": "3,810"
          },
          {
            "type": "TableCell",
            "row": 3,
            "col": 6,
            "text": "2,317"
          },
          {
            "type": "TableCell",
            "row": 3,
            "col": 7,
            "text": "1,453"
          },
          {
            "type": "TableCell",
            "row": 4,
            "col": 0,
            "text": "Maharashtra"
          },
          {
            "type": "TableCell",
            "row": 4,
            "col": 1,
            "text": "4.01.2010 to 1.2.2010"
          },
          {
            "type": "TableCell",
            "row": 4,
            "col": 2,
            "text": "13"
          },
          {
            "type": "TableCell",
            "row": 4,
            "col": 3,
            "text": "26"
          },
          {
            "type": "TableCell",
            "row": 4,
            "col": 4,
            "text": "1.27"
          },
          {
            "type": "TableCell",
            "row": 4,
            "col": 5,
            "text": "5,680"
          },
          {
            "type": "TableCell",
            "row": 4,
            "col": 6,
            "text": "9,027"
          },
          {
            "type": "TableCell",
            "row": 4,
            "col": 7,
            "text": "4,153"
          },
          {
            "type": "TableCell",
            "row": 5,
            "col": 0,
            "text": "Karnataka"
          },
          {
            "type": "TableCell",
            "row": 5,
            "col": 1,
            "text": "2.2.2010 to 22.2.2010"
          },
          {
            "type": "TableCell",
            "row": 5,
            "col": 2,
            "text": "11"
          },
          {
            "type": "TableCell",
            "row": 5,
            "col": 3,
            "text": "19"
          },
          {
            "type": "TableCell",
            "row": 5,
            "col": 4,
            "text": "1.80"
          },
          {
            "type": "TableCell",
            "row": 5,
            "col": 5,
            "text": "5,741"
          },
          {
            "type": "TableCell",
            "row": 5,
            "col": 6,
            "text": "3,658"
          },
          {
            "type": "TableCell",
            "row": 5,
            "col": 7,
            "text": "3,183"
          },
          {
            "type": "TableCell",
            "row": 6,
            "col": 0,
            "text": "Kerala"
          },
          {
            "type": "TableCell",
            "row": 6,
            "col": 1,
            "text": "23.2.2010 to 11.3.2010"
          },
          {
            "type": "TableCell",
            "row": 6,
            "col": 2,
            "text": "9"
          },
          {
            "type": "TableCell",
            "row": 6,
            "col": 3,
            "text": "17"
          },
          {
            "type": "TableCell",
            "row": 6,
            "col": 4,
            "text": "1.42"
          },
          {
            "type": "TableCell",
            "row": 6,
            "col": 5,
            "text": "3,559"
          },
          {
            "type": "TableCell",
            "row": 6,
            "col": 6,
            "text": "2,173"
          },
          {
            "type": "TableCell",
            "row": 6,
            "col": 7,
            "text": "855"
          },
          {
            "type": "TableCell",
            "row": 7,
            "col": 0,
            "text": "Total"
          },
          {
            "type": "TableCell",
            "row": 7,
            "col": 1,
            "text": "47"
          },
          {
            "type": "TableCell",
            "row": 7,
            "col": 2,
            "text": "92"
          },
          {
            "type": "TableCell",
            "row": 7,
            "col": 3,
            "text": "11.81"
          },
          {
            "type": "TableCell",
            "row": 7,
            "col": 4,
            "text": "22,455"
          },
          {
            "type": "TableCell",
            "row": 7,
            "col": 5,
            "text": "19,584"
          },
          {
            "type": "TableCell",
            "row": 7,
            "col": 6,
            "text": "10,644"
          }
        ]
      },
      {
        "type": "Paragraph",
        "text": "Radio programmes: Three radio programmes in Hindi - “Babli Boli”, “5 Down Mohabbat Express” and “Kitne Door, Kitne Pass” were launched by NACO, targeting rural women, rural youth and urban migrants respectively. The programmes were aired for six months from September, 2009 to March, 2010. The duration of each episode was half an hour and two episodes of each programme were aired every week. The programmes were linked to the ground mobilisation in 21 vulnerable districts, in the states of UP, Bihar, Rajasthan, MP and Delhi through 100 Radio Listener Clubs formed in each of these districts. The radio clubs promoted not only listenership of the programmes, but also helped in further dissemination of messages in the communities. The SACS also produce and air."
      }
    ]
  }
  