{
    "type": "Root",
    "children": [
      {
        "type": "Header",
        "text": "Appendix C: Endnotes",
        "children": [
          {
            "type": "Paragraph",
            "text": "1 Total Economic Impact is a methodology developed by Forrester Research that enhances a company’s technology decision-making processes and assists vendors in communicating the value proposition of their products and services to clients. The TEI methodology helps companies demonstrate, justify, and realize the tangible value of IT initiatives to both senior management and other key business stakeholders.",
            "children": []
          }
        ]
      },
      {
        "type": "Footer",
        "text": "THE TOTAL ECONOMIC IMPACT™ OF MICROSOFT POWER PLATFORM PREMIUM CAPABILITIES",
        "children": []
      },
      {
        "type": "PageNumber",
        "text": "28",
        "children": []
      }
    ]
  }
  