{
    "type": "Root",
    "children": [
      {
        "type": "Header",
        "text": "Analysis Of Costs",
        "children": [
          {
            "type": "Table",
            "text": "Power Platform Premium Development Costs",
            "children": [
              {
                "type": "TableRow",
                "row": 0,
                "children": [
                  {"type": "TableCell", "row": 0, "col": 0, "text": "Ref."},
                  {"type": "TableCell", "row": 0, "col": 1, "text": "Metric"},
                  {"type": "TableCell", "row": 0, "col": 2, "text": "Source"},
                  {"type": "TableCell", "row": 0, "col": 3, "text": "Year 1"},
                  {"type": "TableCell", "row": 0, "col": 4, "text": "Year 2"},
                  {"type": "TableCell", "row": 0, "col": 5, "text": "Year 3"}
                ]
              },
              {
                "type": "TableRow",
                "row": 1,
                "children": [
                  {"type": "TableCell", "row": 1, "col": 0, "text": "E1"},
                  {"type": "TableCell", "row": 1, "col": 1, "text": "Large solutions"},
                  {"type": "TableCell", "row": 1, "col": 2, "text": "A3"},
                  {"type": "TableCell", "row": 1, "col": 3, "text": "1"},
                  {"type": "TableCell", "row": 1, "col": 4, "text": "4"},
                  {"type": "TableCell", "row": 1, "col": 5, "text": "6"}
                ]
              },
              {
                "type": "TableRow",
                "row": 2,
                "children": [
                  {"type": "TableCell", "row": 2, "col": 0, "text": "E2"},
                  {"type": "TableCell", "row": 2, "col": 1, "text": "Medium solutions"},
                  {"type": "TableCell", "row": 2, "col": 2, "text": "A4"},
                  {"type": "TableCell", "row": 2, "col": 3, "text": "6"},
                  {"type": "TableCell", "row": 2, "col": 4, "text": "12"},
                  {"type": "TableCell", "row": 2, "col": 5, "text": "16"}
                ]
              },
              {
                "type": "TableRow",
                "row": 3,
                "children": [
                  {"type": "TableCell", "row": 3, "col": 0, "text": "E3"},
                  {"type": "TableCell", "row": 3, "col": 1, "text": "Average Power Platform premium solution cost (large)"},
                  {"type": "TableCell", "row": 3, "col": 2, "text": "Survey"},
                  {"type": "TableCell", "row": 3, "col": 3, "text": "$93,000"},
                  {"type": "TableCell", "row": 3, "col": 4, "text": "$93,000"},
                  {"type": "TableCell", "row": 3, "col": 5, "text": "$93,000"}
                ]
              },
              {
                "type": "TableRow",
                "row": 4,
                "children": [
                  {"type": "TableCell", "row": 4, "col": 0, "text": "E4"},
                  {"type": "TableCell", "row": 4, "col": 1, "text": "Average Power Platform premium solution cost (medium)"},
                  {"type": "TableCell", "row": 4, "col": 2, "text": "Survey"},
                  {"type": "TableCell", "row": 4, "col": 3, "text": "$40,000"},
                  {"type": "TableCell", "row": 4, "col": 4, "text": "$40,000"},
                  {"type": "TableCell", "row": 4, "col": 5, "text": "$40,000"}
                ]
              },
              {
                "type": "TableRow",
                "row": 5,
                "children": [
                  {"type": "TableCell", "row": 5, "col": 0, "text": "Et"},
                  {"type": "TableCell", "row": 5, "col": 1, "text": "Power Platform premium development costs"},
                  {"type": "TableCell", "row": 5, "col": 2, "text": "(E1*E3+E2*E4)"},
                  {"type": "TableCell", "row": 5, "col": 3, "text": "$333,000"},
                  {"type": "TableCell", "row": 5, "col": 4, "text": "$852,000"},
                  {"type": "TableCell", "row": 5, "col": 5, "text": "$1,198,000"}
                ]
              },
              {
                "type": "TableRow",
                "row": 6,
                "children": [
                  {"type": "TableCell", "row": 6, "col": 0, "text": "Risk adjustment"},
                  {"type": "TableCell", "row": 6, "col": 1, "text": "↑10%"},
                  {"type": "TableCell", "row": 6, "col": 2, "text": ""},
                  {"type": "TableCell", "row": 6, "col": 3, "text": ""},
                  {"type": "TableCell", "row": 6, "col": 4, "text": ""},
                  {"type": "TableCell", "row": 6, "col": 5, "text": ""}
                ]
              },
              {
                "type": "TableRow",
                "row": 7,
                "children": [
                  {"type": "TableCell", "row": 7, "col": 0, "text": "Etr"},
                  {"type": "TableCell", "row": 7, "col": 1, "text": "Power Platform premium development costs (risk-adjusted)"},
                  {"type": "TableCell", "row": 7, "col": 2, "text": ""},
                  {"type": "TableCell", "row": 7, "col": 3, "text": "$366,300"},
                  {"type": "TableCell", "row": 7, "col": 4, "text": "$937,200"},
                  {"type": "TableCell", "row": 7, "col": 5, "text": "$1,317,800"}
                ]
              }
            ]
          },
          {
            "type": "Paragraph",
            "text": "Three-year total: $2,621,300. Three-year present value: $2,097,628",
            "children": []
          },
          {
            "type": "SubHeader",
            "text": "License Costs",
            "children": [
              {
                "type": "Paragraph",
                "text": "Evidence and data. Fees to add premium capabilities to Power Platform environments vary based on the capabilities selected and the type of license purchased per application or per user, which grants each user access to an unlimited number of applications.",
                "children": []
              },
              {
                "type": "Paragraph",
                "text": "Per-application licenses are available at a cost of $5 monthly per application. Per-user licenses, allowing access to an unlimited number of applications, are available at an average cost of $20 monthly per user.",
                "children": []
              },
              {
                "type": "Paragraph",
                "text": "Over time, interviewees’ organizations expanded access to per-user licenses as the number of flows drawing on premium connectors and Dataverse (or other premium capabilities) and the number of applications being developed both increased.",
                "children": []
              },
              {
                "type": "Paragraph",
                "text": "Some interviewees’ organizations proactively extended licensing for Power Platform premium capabilities to large numbers of staff. The head of Power Platform from a transportation company said, 'We had [a] strategy of taking out premium licenses for the whole [organization] so that everyone has the capacity to be able to create apps [and] use apps.'",
                "children": []
              },
              {
                "type": "SubHeader",
                "text": "Modeling and assumptions",
                "children": [
                  {
                    "type": "List",
                    "children": [
                      {
                        "type": "ListItem",
                        "text": "The composite organization previously underwent an enterprise-wide implementation of Power Platform including E3 and E5 licenses for all users.",
                        "children": []
                      },
                      {
                        "type": "ListItem",
                        "text": "The composite organization solely purchases Power Platform premium licenses on a per-user basis. The investment of per-user licenses scales each year of use, in line with the development of all users.",
                        "children": []
                      }
                    ]
                  }
                ]
              }
            ]
          },
          {
            "type": "Quote",
            "text": "“If we didn't have premium connectors, [then] we couldn’t combine software and the strength of each software.”",
            "attribution": "Head of Power Platform, transportation",
            "children": []
          }
        ]
      },
      {
        "type": "Footer",
        "text": "A FORRESTER TOTAL ECONOMIC IMPACT™ STUDY COMMISSIONED BY MICROSOFT",
        "children": []
      },
      {
        "type": "PageNumber",
        "text": "22",
        "children": []
      }
    ]
  }
  