{
    "type": "Root",
    "children": [
      {
        "type": "Header",
        "text": "Analysis Of Benefits",
        "children": [
          {
            "type": "Table",
            "text": "Improved Business Outcomes",
            "children": [
              {
                "type": "TableRow",
                "row": 0,
                "children": [
                  {"type": "TableCell", "row": 0, "col": 0, "text": "Ref."},
                  {"type": "TableCell", "row": 0, "col": 1, "text": "Metric"},
                  {"type": "TableCell", "row": 0, "col": 2, "text": "Source"},
                  {"type": "TableCell", "row": 0, "col": 3, "text": "Year 1"},
                  {"type": "TableCell", "row": 0, "col": 4, "text": "Year 2"},
                  {"type": "TableCell", "row": 0, "col": 5, "text": "Year 3"}
                ]
              },
              {
                "type": "TableRow",
                "row": 1,
                "children": [
                  {"type": "TableCell", "row": 1, "col": 0, "text": "D1"},
                  {"type": "TableCell", "row": 1, "col": 1, "text": "Annual revenue"},
                  {"type": "TableCell", "row": 1, "col": 2, "text": "Composite"},
                  {"type": "TableCell", "row": 1, "col": 3, "text": "$3,000,000,000"},
                  {"type": "TableCell", "row": 1, "col": 4, "text": "$3,000,000,000"},
                  {"type": "TableCell", "row": 1, "col": 5, "text": "$3,000,000,000"}
                ]
              },
              {
                "type": "TableRow",
                "row": 2,
                "children": [
                  {"type": "TableCell", "row": 2, "col": 0, "text": "D2"},
                  {"type": "TableCell", "row": 2, "col": 1, "text": "Percent revenue impacted by premium capabilities"},
                  {"type": "TableCell", "row": 2, "col": 2, "text": "Composite"},
                  {"type": "TableCell", "row": 2, "col": 3, "text": "20%"},
                  {"type": "TableCell", "row": 2, "col": 4, "text": "20%"},
                  {"type": "TableCell", "row": 2, "col": 5, "text": "20%"}
                ]
              },
              {
                "type": "TableRow",
                "row": 3,
                "children": [
                  {"type": "TableCell", "row": 3, "col": 0, "text": "D3"},
                  {"type": "TableCell", "row": 3, "col": 1, "text": "Increased revenue percentage"},
                  {"type": "TableCell", "row": 3, "col": 2, "text": "Survey"},
                  {"type": "TableCell", "row": 3, "col": 3, "text": "1.6%"},
                  {"type": "TableCell", "row": 3, "col": 4, "text": "2.2%"},
                  {"type": "TableCell", "row": 3, "col": 5, "text": "3.4%"}
                ]
              },
              {
                "type": "TableRow",
                "row": 4,
                "children": [
                  {"type": "TableCell", "row": 4, "col": 0, "text": "D4"},
                  {"type": "TableCell", "row": 4, "col": 1, "text": "Increased revenues"},
                  {"type": "TableCell", "row": 4, "col": 2, "text": "D1*D2*D3"},
                  {"type": "TableCell", "row": 4, "col": 3, "text": "$9,600,000"},
                  {"type": "TableCell", "row": 4, "col": 4, "text": "$13,200,000"},
                  {"type": "TableCell", "row": 4, "col": 5, "text": "$20,400,000"}
                ]
              },
              {
                "type": "TableRow",
                "row": 5,
                "children": [
                  {"type": "TableCell", "row": 5, "col": 0, "text": "D5"},
                  {"type": "TableCell", "row": 5, "col": 1, "text": "Operating margin"},
                  {"type": "TableCell", "row": 5, "col": 2, "text": "Assumption"},
                  {"type": "TableCell", "row": 5, "col": 3, "text": "10%"},
                  {"type": "TableCell", "row": 5, "col": 4, "text": "10%"},
                  {"type": "TableCell", "row": 5, "col": 5, "text": "10%"}
                ]
              },
              {
                "type": "TableRow",
                "row": 6,
                "children": [
                  {"type": "TableCell", "row": 6, "col": 0, "text": "Dt"},
                  {"type": "TableCell", "row": 6, "col": 1, "text": "Improved business outcomes"},
                  {"type": "TableCell", "row": 6, "col": 2, "text": "D4*D5"},
                  {"type": "TableCell", "row": 6, "col": 3, "text": "$960,000"},
                  {"type": "TableCell", "row": 6, "col": 4, "text": "$1,320,000"},
                  {"type": "TableCell", "row": 6, "col": 5, "text": "$2,040,000"}
                ]
              },
              {
                "type": "TableRow",
                "row": 7,
                "children": [
                  {"type": "TableCell", "row": 7, "col": 0, "text": ""},
                  {"type": "TableCell", "row": 7, "col": 1, "text": "Risk adjustment"},
                  {"type": "TableCell", "row": 7, "col": 2, "text": "↓15%"},
                  {"type": "TableCell", "row": 7, "col": 3, "text": ""},
                  {"type": "TableCell", "row": 7, "col": 4, "text": ""},
                  {"type": "TableCell", "row": 7, "col": 5, "text": ""}
                ]
              },
              {
                "type": "TableRow",
                "row": 8,
                "children": [
                  {"type": "TableCell", "row": 8, "col": 0, "text": "Dtr"},
                  {"type": "TableCell", "row": 8, "col": 1, "text": "Revenue improvement (risk-adjusted)"},
                  {"type": "TableCell", "row": 8, "col": 2, "text": ""},
                  {"type": "TableCell", "row": 8, "col": 3, "text": "$816,000"},
                  {"type": "TableCell", "row": 8, "col": 4, "text": "$1,122,000"},
                  {"type": "TableCell", "row": 8, "col": 5, "text": "$1,734,000"}
                ]
              }
            ]
          },
          {
            "type": "Paragraph",
            "text": "Three-year total: $3,672,000. Three-year present value: $2,971,871",
            "children": []
          },
          {
            "type": "SubHeader",
            "text": "Unquantified Benefits",
            "children": [
              {
                "type": "Paragraph",
                "text": "Additional benefits that customers experienced but were not able to quantify include:",
                "children": []
              },
              {
                "type": "List",
                "children": [
                  {
                    "type": "ListItem",
                    "text": "A common language between IT and the business. Power Platform enhanced with premium capabilities helped interviewed decision-makers break down silos between IT and the business by providing a common language and platform to craft solutions. According to the head of Power Platform at a transportation company, 'That’s also the strength of the Dataverse. When we talk about Dataverse, it is this ability to have a common language between the business and the CIOs and therefore also to have tools for exporting solutions, package solutions [throughout the enterprise].'",
                    "children": []
                  }
                ]
              }
            ]
          },
          {
            "type": "SubHeader",
            "text": "Unquantified Benefits: IT Impacts",
            "children": [
              {
                "type": "Paragraph",
                "text": "Survey respondents indicated that on average, IT/DevOps efficiency increased by 18.8% because of the investment in premium capabilities. Sixty-three percent of respondents agreed that Power Platform premium capabilities helped eliminate or rein in shadow IT.",
                "children": []
              }
            ]
          }
        ]
      },
      {
        "type": "Footer",
        "text": "A FORRESTER TOTAL ECONOMIC IMPACT™ STUDY COMMISSIONED BY MICROSOFT",
        "children": []
      },
      {
        "type": "PageNumber",
        "text": "17",
        "children": []
      }
    ]
  }
  