{
    "type": "Root",
    "children": [
      {
        "type": "Header",
        "text": "Analysis Of Benefits",
        "children": [
          {
            "type": "Paragraph",
            "text": "Capabilities including connectors and Dataverse facilitate the work of professional developers and/or development work done by the broader community ('citizen development').",
            "children": []
          },
          {
            "type": "Paragraph",
            "text": "As a result, solutions can be developed at a lower cost and with less effort than would be required of a traditional development solution. On average, survey respondents indicated a 22.6% increase in professional developer productivity, an 18.3% increase in database analyst (DBA)/data scientist efficiency, and an 18.8% increase in IT/DevOps efficiency.",
            "children": []
          },
          {
            "type": "Paragraph",
            "text": "Survey respondents indicated that the average cost to develop a solution using traditional development was more than $250,000 for each large solution and $75,000 for each medium solution.",
            "children": []
          },
          {
            "type": "SubHeader",
            "text": "Modeling and assumptions",
            "children": [
              {
                "type": "Paragraph",
                "text": "For the financial analysis, Forrester made the following assumptions:",
                "children": []
              },
              {
                "type": "List",
                "children": [
                  {
                    "type": "ListItem",
                    "text": "The composite organization uses Power Platform premium capabilities to develop 40% of all Power Platform solutions.",
                    "children": []
                  },
                  {
                    "type": "ListItem",
                    "text": "Large solutions are defined as affecting 800 users on average and medium solutions are defined as affecting 300 users on average. If these solutions were completed by a mix of corporate IT and professional services using traditional development tools and methodologies, a large solution would cost an average of $250,000 and a medium solution would cost an average of $75,000. Costs to develop medium solutions are 36% more cost-effective compared to traditional development. Greater efficiencies are realized for large solutions, which are 63% more cost-effective to develop using Power Platform premium capabilities compared to traditional development.",
                    "children": []
                  },
                  {
                    "type": "ListItem",
                    "text": "These eliminated traditional development costs (Atr) are replaced by those included in the Costs section of this study (Etr). Subtracting the two results in a net savings of $2.1 million or 45% across the three-year analysis. The total savings are driven by a combination of improved developer productivity, greater efficiencies for professional services in general (including for DBA/data scientists and IT/DevOps), and lower costs associated with Power Platform premium capabilities relative to other development tools.",
                    "children": []
                  }
                ]
              }
            ]
          },
          {
            "type": "Statistics",
            "children": [
              {
                "type": "StatisticItem",
                "text": "On average, survey respondents estimated that Power Platform premium capabilities helped their organizations’ teams achieve:",
                "children": [
                  {
                    "type": "StatisticDetail",
                    "text": "22.6% increase in developer efficiency"
                  },
                  {
                    "type": "StatisticDetail",
                    "text": "18.8% increase in IT/DevOps efficiency"
                  },
                  {
                    "type": "StatisticDetail",
                    "text": "18.3% increase in DBA/data scientist efficiency"
                  },
                  {
                    "type": "StatisticDetail",
                    "text": "3.1% increase in LOB user efficiency"
                  }
                ]
              }
            ]
          },
          {
            "type": "SubHeader",
            "text": "Risks",
            "children": [
              {
                "type": "Paragraph",
                "text": "Some factors that could result in this benefit being lower than modeled for the composite organization include:",
                "children": []
              },
              {
                "type": "List",
                "children": [
                  {
                    "type": "ListItem",
                    "text": "The number of IT and professional-services staff members needed to develop solutions.",
                    "children": []
                  },
                  {
                    "type": "ListItem",
                    "text": "The IT needs and number and nature of individual development solutions.",
                    "children": []
                  },
                  {
                    "type": "ListItem",
                    "text": "Compensation for staff involved in development efforts.",
                    "children": []
                  }
                ]
              }
            ]
          }
        ]
      },
      {
        "type": "Footer",
        "text": "A FORRESTER TOTAL ECONOMIC IMPACT™ STUDY COMMISSIONED BY MICROSOFT",
        "children": []
      },
      {
        "type": "PageNumber",
        "text": "11",
        "children": []
      }
    ]
  }
  