{
    "type": "Root",
    "children": [
      {
        "type": "Header",
        "text": "Executive Summary",
        "children": [
          {
            "type": "SubHeader",
            "text": "Key Findings",
            "children": [
              {
                "type": "SubHeader",
                "text": "Quantified benefits",
                "children": [
                  {
                    "type": "Paragraph",
                    "text": "Three-year, risk-adjusted present value (PV) quantified benefits for the composite organization include:",
                    "children": []
                  },
                  {
                    "type": "List",
                    "children": [
                      {
                        "type": "ListItem",
                        "text": "Elimination of traditional development effort. Investment in premium capabilities allows the composite organization to eliminate traditional development costs and reduce the resources and staff needed to complete solutions. The three-year, risk-adjusted PV of this benefit is $3.8 million for the composite organization."
                      },
                      {
                        "type": "ListItem",
                        "text": "Efficiency gains for business users enabled via solutions developed using premium capabilities. Premium capabilities allow the composite's business staff to transform processes, change workflows, and build automations. Staff across the organization save time and effort given solutions developed using premium capabilities. The three-year, risk-adjusted PV of this benefit is $7 million."
                      },
                      {
                        "type": "ListItem",
                        "text": "Application retirement savings. Solutions developed using premium capabilities allow the composite organization to retire legacy applications, saving costs that would have been associated with licensing and maintenance. The three-year, risk-adjusted PV of this benefit is $496,800."
                      },
                      {
                        "type": "ListItem",
                        "text": "Improved business outcomes. The solutions developed using premium capabilities help the composite organization realize a wide variety of impacts to its businesses including increased revenue, faster time to market, and lower cost of delivery. The three-year, risk-adjusted PV of this benefit is $3 million."
                      }
                    ]
                  }
                ]
              },
              {
                "type": "SubHeader",
                "text": "Unquantified benefits",
                "children": [
                  {
                    "type": "Paragraph",
                    "text": "Benefits that are not quantified for this study include:",
                    "children": []
                  },
                  {
                    "type": "List",
                    "children": [
                      {
                        "type": "ListItem",
                        "text": "A common language between IT and the business. Power Platform enhanced with premium capabilities helps the composite organization break down silos between internal IT and business users. It achieves this by offering a common language and platform to craft solutions."
                      }
                    ]
                  },
                  {
                    "type": "SubHeader",
                    "text": "Unquantified benefits: IT impact",
                    "children": [
                      {
                        "type": "List",
                        "children": [
                          {
                            "type": "ListItem",
                            "text": "IT impact. Leveraging premium capabilities including premium connectors and Dataverse results in efficiency gains of 18.8% for the composite organization’s IT/DevOps staff, and 63% of survey respondents agreed that it eliminated or reduced shadow IT. The composite organization experiences this benefit."
                          },
                          {
                            "type": "ListItem",
                            "text": "Visibility, security, and governance. Premium capabilities offer the visibility, security, and governance the composite organization needs to incorporate data from premium connector and/or Dataverse sources to be purchased on a per-application or per-user basis."
                          }
                        ]
                      }
                    ]
                  }
                ]
              }
            ]
          },
          {
            "type": "Statistics",
            "children": [
              {
                "type": "StatisticItem",
                "text": "Percent of respondents that 'strongly agree' these are benefits of Power Platform Premium Capabilities:",
                "children": [
                  {
                    "type": "StatisticDetail",
                    "text": "61%: Increased security and/or visibility around data connections"
                  },
                  {
                    "type": "StatisticDetail",
                    "text": "58%: Increased revenue"
                  },
                  {
                    "type": "StatisticDetail",
                    "text": "55%: Faster solution quoting through better data integration"
                  }
                ]
              }
            ]
          },
          {
            "type": "Highlight",
            "text": "Increased revenue in Year 3: 3.4%",
            "children": []
          }
        ]
      },
      {
        "type": "Footer",
        "text": "A FORRESTER TOTAL ECONOMIC IMPACT™ STUDY COMMISSIONED BY MICROSOFT",
        "children": []
      },
      {
        "type": "PageNumber",
        "text": "3",
        "children": []
      }
    ]
  }
  