{
    "type": "Root",
    "children": [
      {
        "type": "Header",
        "text": "Analysis Of Benefits",
        "children": [
          {
            "type": "List",
            "children": [
              {
                "type": "ListItem",
                "text": "Another key factor was the ability to avoid infrastructure costs, the need to validate code, or the cost and effort involved in hosting outside of Power Platform. One head of Power Platform at a transportation company shared, 'This is helping us to not invest [unnecessarily in hosting applications].'",
                "children": []
              }
            ]
          },
          {
            "type": "SubHeader",
            "text": "Modeling and assumptions",
            "children": [
              {
                "type": "Paragraph",
                "text": "For the financial analysis, Forrester made the following assumptions:",
                "children": []
              },
              {
                "type": "List",
                "children": [
                  {
                    "type": "ListItem",
                    "text": "Some of the applications developed using premium capabilities replace legacy applications.",
                    "children": []
                  },
                  {
                    "type": "ListItem",
                    "text": "Given time needed to plan, retire, and then redeploy new applications, no application retirement savings are realized until Year 2. Benefits lag retirements by a period of one year during the course of the three-year analysis.",
                    "children": []
                  }
                ]
              }
            ]
          },
          {
            "type": "SubHeader",
            "text": "Risks",
            "children": [
              {
                "type": "Paragraph",
                "text": "Some factors that could result in this benefit being lower than modeled for the composite organization include:",
                "children": []
              },
              {
                "type": "List",
                "children": [
                  {
                    "type": "ListItem",
                    "text": "The number of applications retired, which may vary.",
                    "children": []
                  },
                  {
                    "type": "ListItem",
                    "text": "The speed at which applications may be retired.",
                    "children": []
                  },
                  {
                    "type": "ListItem",
                    "text": "Average cost savings per retired application, which may vary depending on the nature of each application.",
                    "children": []
                  }
                ]
              }
            ]
          },
          {
            "type": "Paragraph",
            "text": "Results. To account for these risks, Forrester adjusted this benefit downward by 10%, yielding a three-year, risk-adjusted total PV of $496,800.",
            "children": []
          },
          {
            "type": "Table",
            "text": "Application Retirement Savings",
            "children": [
              {
                "type": "TableRow",
                "row": 0,
                "children": [
                  {"type": "TableCell", "row": 0, "col": 0, "text": "Ref."},
                  {"type": "TableCell", "row": 0, "col": 1, "text": "Metric"},
                  {"type": "TableCell", "row": 0, "col": 2, "text": "Source"},
                  {"type": "TableCell", "row": 0, "col": 3, "text": "Year 1"},
                  {"type": "TableCell", "row": 0, "col": 4, "text": "Year 2"},
                  {"type": "TableCell", "row": 0, "col": 5, "text": "Year 3"}
                ]
              },
              {
                "type": "TableRow",
                "row": 1,
                "children": [
                  {"type": "TableCell", "row": 1, "col": 0, "text": "C1"},
                  {"type": "TableCell", "row": 1, "col": 1, "text": "Number of applications retired"},
                  {"type": "TableCell", "row": 1, "col": 2, "text": "A3+A4 (from prior year)"},
                  {"type": "TableCell", "row": 1, "col": 3, "text": "0"},
                  {"type": "TableCell", "row": 1, "col": 4, "text": "7"},
                  {"type": "TableCell", "row": 1, "col": 5, "text": "16"}
                ]
              },
              {
                "type": "TableRow",
                "row": 2,
                "children": [
                  {"type": "TableCell", "row": 2, "col": 0, "text": "C2"},
                  {"type": "TableCell", "row": 2, "col": 1, "text": "Average cost savings per retired application"},
                  {"type": "TableCell", "row": 2, "col": 2, "text": "Survey"},
                  {"type": "TableCell", "row": 2, "col": 3, "text": "$31,000"},
                  {"type": "TableCell", "row": 2, "col": 4, "text": "$31,000"},
                  {"type": "TableCell", "row": 2, "col": 5, "text": "$31,000"}
                ]
              },
              {
                "type": "TableRow",
                "row": 3,
                "children": [
                  {"type": "TableCell", "row": 3, "col": 0, "text": "Ct"},
                  {"type": "TableCell", "row": 3, "col": 1, "text": "Application retirement savings"},
                  {"type": "TableCell", "row": 3, "col": 2, "text": "C1*C2"},
                  {"type": "TableCell", "row": 3, "col": 3, "text": "$0"},
                  {"type": "TableCell", "row": 3, "col": 4, "text": "$217,000"},
                  {"type": "TableCell", "row": 3, "col": 5, "text": "$496,000"}
                ]
              },
              {
                "type": "TableRow",
                "row": 4,
                "children": [
                  {"type": "TableCell", "row": 4, "col": 0, "text": ""},
                  {"type": "TableCell", "row": 4, "col": 1, "text": "Risk adjustment"},
                  {"type": "TableCell", "row": 4, "col": 2, "text": "↓10%"},
                  {"type": "TableCell", "row": 4, "col": 3, "text": ""},
                  {"type": "TableCell", "row": 4, "col": 4, "text": ""},
                  {"type": "TableCell", "row": 4, "col": 5, "text": ""}
                ]
              },
              {
                "type": "TableRow",
                "row": 5,
                "children": [
                  {"type": "TableCell", "row": 5, "col": 0, "text": "Ctr"},
                  {"type": "TableCell", "row": 5, "col": 1, "text": "Application retirement savings (risk-adjusted)"},
                  {"type": "TableCell", "row": 5, "col": 2, "text": ""},
                  {"type": "TableCell", "row": 5, "col": 3, "text": "$0"},
                  {"type": "TableCell", "row": 5, "col": 4, "text": "$195,300"},
                  {"type": "TableCell", "row": 5, "col": 5, "text": "$446,400"}
                ]
              }
            ]
          },
          {
            "type": "Paragraph",
            "text": "Three-year total: $641,700. Three-year present value: $496,792",
            "children": []
          },
          {
            "type": "SubHeader",
            "text": "Improved Business Outcomes",
            "children": [
              {
                "type": "Paragraph",
                "text": "Evidence and data. Interviewees’ and survey respondents’ organizations achieved a wide variety of improved business outcomes after adding premium capabilities to their Power Platform environments. The capabilities enabled by premium connectors and Dataverse increased organizations’ revenues, decreased time to market, improved solution quoting, decreased cost of delivery, and lowered error rates. In turn, the positive effects of these improved outcomes include lowered costs, reduced risk from errors, and increased digital transformation.",
                "children": []
              },
              {
                "type": "List",
                "children": [
                  {
                    "type": "ListItem",
                    "text": "The fact that code, applications, and flows could be repurposed saved time and money, not only on initial use cases, but also for additional solutions in the future. The head of Power Platform at a transportation company described the benefits a colleague had observed at their organization: 'The advantage is that we helped him to make this application on Power Automate to do his processing. But the double advantage now is that it will still be used for other needs, [too].'",
                    "children": []
                  },
                  {
                    "type": "ListItem",
                    "text": "The head of Power Platform at a transportation company shared that opportunities to reuse code created efficiencies. They said: 'The Dataverse gives us a lot more possibilities for duplicating applications. People will approach someone who has already made an application. The person will package it and give it to him. He readapts it and reuses it almost identically.' This thereby extends the efficiencies and further enables benefits to be realized further in the organization.",
                    "children": []
                  },
                  {
                    "type": "ListItem",
                    "text": "Premium capabilities allow professional developers and business staff members to speak a common language, making it possible not only to make better use of the efficiency of pro-developer and nontechnical citizen developer 'fusion' teams, but also to improve the quality of the solutions developed by tailoring them more closely to the needs of the business, and at a faster rate.",
                    "children": []
                  }
                ]
              }
            ]
          },
          {
            "type": "Statistics",
            "children": [
              {
                "type": "StatisticItem",
                "text": "On average, survey respondents estimated that Power Platform premium capabilities helped their organizations achieve better business outcomes including:",
                "children": [
                  {
                    "type": "StatisticDetail",
                    "text": "3.4% increase in revenue"
                  },
                  {
                    "type": "StatisticDetail",
                    "text": "2.7% improvement in solution quoting"
                  },
                  {
                    "type": "StatisticDetail",
                    "text": "2.7% decrease in cost of delivery"
                  },
                  {
                    "type": "StatisticDetail",
                    "text": "2.5% decrease in time to market"
                  },
                  {
                    "type": "StatisticDetail",
                    "text": "1.8% decrease in error rate due to increased automation"
                  }
                ]
              }
            ]
          },
          {
            "type": "SubHeader",
            "text": "Modeling and assumptions",
            "children": [
              {
                "type": "Paragraph",
                "text": "For the financial analysis, Forrester made the following assumptions:",
                "children": []
              },
              {
                "type": "List",
                "children": [
                  {
                    "type": "ListItem",
                    "text": "20% of annual business revenue is impacted by solutions leveraging premium capabilities including premium connectors and/or Dataverse.",
                    "children": []
                  },
                  {
                    "type": "ListItem",
                    "text": "Improved business outcomes result in revenue increases during the course of the three-year analysis. The amount of additional annual revenue increases over time as users grow more proficient and use cases are expanded.",
                    "children": []
                  },
                  {
                    "type": "ListItem",
                    "text": "Operating margin is 10% in line with average historical operating margins.",
                    "children": []
                  }
                ]
              }
            ]
          },
          {
            "type": "SubHeader",
            "text": "Risks",
            "children": [
              {
                "type": "Paragraph",
                "text": "Some factors that could result in this benefit being lower than modeled for the composite organization include:",
                "children": []
              },
              {
                "type": "List",
                "children": [
                  {
                    "type": "ListItem",
                    "text": "The amount of revenue impacted by Power Platform solutions using premium capabilities.",
                    "children": []
                  },
                  {
                    "type": "ListItem",
                    "text": "How quickly and effectively companies can leverage the features that are enabled via premium capabilities.",
                    "children": []
                  },
                  {
                    "type": "ListItem",
                    "text": "The applicable operating margin.",
                    "children": []
                  }
                ]
              }
            ]
          },
          {
            "type": "Paragraph",
            "text": "Results. To account for these risks, Forrester adjusted this benefit downward by 15%, yielding a three-year, risk-adjusted total PV of $3 million.",
            "children": []
          }
        ]
      },
      {
        "type": "Footer",
        "text": "A FORRESTER TOTAL ECONOMIC IMPACT™ STUDY COMMISSIONED BY MICROSOFT",
        "children": []
      },
      {
        "type": "PageNumber",
        "text": "15",
        "children": []
      }
    ]
  }
  