{
    "type": "Root",
    "children": [
      {
        "type": "Header",
        "text": "Appendix B: Interview And Survey Demographics",
        "children": [
          {
            "type": "SubHeader",
            "text": "Interviews",
            "children": [
              {
                "type": "Table",
                "text": "Interviews Table",
                "children": [
                  {
                    "type": "TableRow",
                    "row": 0,
                    "children": [
                      {"type": "TableCell", "row": 0, "col": 0, "text": "Role"},
                      {"type": "TableCell", "row": 0, "col": 1, "text": "Industry"},
                      {"type": "TableCell", "row": 0, "col": 2, "text": "Headquarters"},
                      {"type": "TableCell", "row": 0, "col": 3, "text": "Annual Revenue"}
                    ]
                  },
                  {
                    "type": "TableRow",
                    "row": 1,
                    "children": [
                      {"type": "TableCell", "row": 1, "col": 0, "text": "Solution architect"},
                      {"type": "TableCell", "row": 1, "col": 1, "text": "Financial services"},
                      {"type": "TableCell", "row": 1, "col": 2, "text": "EMEA"},
                      {"type": "TableCell", "row": 1, "col": 3, "text": "$70 billion"}
                    ]
                  },
                  {
                    "type": "TableRow",
                    "row": 2,
                    "children": [
                      {"type": "TableCell", "row": 2, "col": 0, "text": "Lead engineer"},
                      {"type": "TableCell", "row": 2, "col": 1, "text": "Distribution and bottling company"},
                      {"type": "TableCell", "row": 2, "col": 2, "text": "North America"},
                      {"type": "TableCell", "row": 2, "col": 3, "text": "$38.7 billion"}
                    ]
                  },
                  {
                    "type": "TableRow",
                    "row": 3,
                    "children": [
                      {"type": "TableCell", "row": 3, "col": 0, "text": "Platform manager"},
                      {"type": "TableCell", "row": 3, "col": 1, "text": "Food manufacturing and distribution"},
                      {"type": "TableCell", "row": 3, "col": 2, "text": "EMEA"},
                      {"type": "TableCell", "row": 3, "col": 3, "text": "$98 billion"}
                    ]
                  },
                  {
                    "type": "TableRow",
                    "row": 4,
                    "children": [
                      {"type": "TableCell", "row": 4, "col": 0, "text": "Head of Power Platform"},
                      {"type": "TableCell", "row": 4, "col": 1, "text": "Transportation"},
                      {"type": "TableCell", "row": 4, "col": 2, "text": "EMEA"},
                      {"type": "TableCell", "row": 4, "col": 3, "text": "$35.8 billion"}
                    ]
                  }
                ]
              }
            ]
          },
          {
            "type": "SubHeader",
            "text": "Survey Demographics",
            "children": [
              {
                "type": "BarChart",
                "text": "Which of the following best describes the industry to which your company belongs?",
                "data": [
                  {"label": "Retail", "value": "12%"},
                  {"label": "Technology and/or technology services", "value": "12%"},
                  {"label": "Energy, utilities, and waste management", "value": "9%"},
                  {"label": "Financial services and insurance", "value": "9%"},
                  {"label": "Telecommunications services", "value": "9%"},
                  {"label": "Transportation and logistics", "value": "9%"},
                  {"label": "Business or professional services", "value": "6%"},
                  {"label": "Construction", "value": "6%"},
                  {"label": "Healthcare", "value": "6%"},
                  {"label": "Travel and hospitality", "value": "6%"},
                  {"label": "Advertising or marketing", "value": "3%"},
                  {"label": "Education and nonprofits", "value": "3%"},
                  {"label": "Government", "value": "3%"},
                  {"label": "Insurance", "value": "3%"},
                  {"label": "Manufacturing and materials", "value": "3%"}
                ]
              },
              {
                "type": "PieChart",
                "text": "Using your best estimate, how many employees work for your organization worldwide?",
                "data": [
                  {"label": "1,000 to 4,999", "value": "42%"},
                  {"label": "5,000 to 9,999", "value": "24%"},
                  {"label": "10,000 to 19,999", "value": "27%"},
                  {"label": "20,000 or more", "value": "6%"}
                ]
              },
              {
                "type": "PieChart",
                "text": "What is your level of responsibility when it comes to application development, automation, and intelligence platforms?",
                "data": [
                  {"label": "I am the final decision-maker for these services.", "value": "18%"},
                  {"label": "I am part of a team making decisions for these services.", "value": "36%"},
                  {"label": "I am a technology stakeholder involved in its implementor.", "value": "24%"},
                  {"label": "I influence decisions related to these services.", "value": "21%"}
                ]
              }
            ]
          },
          {
            "type": "Note",
            "text": "Base: 33 IT decision-makers Note: Percentages may not total 100 because of rounding.",
            "children": []
          },
          {
            "type": "Footer",
            "text": "Source: A commissioned study conducted by Forrester Consulting on behalf of Microsoft, May 2022",
            "children": []
          }
        ]
      },
      {
        "type": "Footer",
        "text": "THE TOTAL ECONOMIC IMPACT™ OF MICROSOFT POWER PLATFORM PREMIUM CAPABILITIES",
        "children": []
      },
      {
        "type": "PageNumber",
        "text": "26",
        "children": []
      }
    ]
  }
  