{
    "type": "Root",
    "children": [
      {
        "type": "Header",
        "text": "Analysis Of Benefits",
        "children": [
          {
            "type": "List",
            "children": [
              {
                "type": "ListItem",
                "text": "According to survey respondents, line-of-business (LOB) users of premium capabilities including connectors and/or Dataverse realized 3.1% greater efficiency on average. To account for enterprise-wide deployment and a range of efficiency benefits realized, improved efficiency is assumed to start at 0.75% overall and increase during the course of three years to 1.50%. Applied across enterprise deployments, these efficiencies translate into hundreds of thousands of worker-hours on an annual basis, or anywhere from 18 minutes to over an hour saved per worker on average.",
                "children": []
              }
            ]
          },
          {
            "type": "SubHeader",
            "text": "Modeling and assumptions",
            "children": [
              {
                "type": "Paragraph",
                "text": "For the financial analysis, Forrester made the following assumptions:",
                "children": []
              },
              {
                "type": "List",
                "children": [
                  {
                    "type": "ListItem",
                    "text": "The number of employees affected by efficiency gains from solutions involving premium capabilities scales in line with the number of large and medium solutions each year.",
                    "children": []
                  },
                  {
                    "type": "ListItem",
                    "text": "Efficiencies realized increases over time as users become more proficient in using premium capabilities functionalities and discover new use cases. While survey respondents reported a 3.1% average increase in efficiency, for the purposes of this analysis, Forrester assumes a more conservative efficiency improvement of 0.75% in Year 1, increasing to 1.5% in Year 3.",
                    "children": []
                  },
                  {
                    "type": "ListItem",
                    "text": "The average fully burdened salary contemplates a variety of roles throughout the composite organization.",
                    "children": []
                  }
                ]
              }
            ]
          },
          {
            "type": "SubHeader",
            "text": "Risks",
            "children": [
              {
                "type": "Paragraph",
                "text": "Some factors that could result in this benefit being lower than modeled for the composite organization include:",
                "children": []
              },
              {
                "type": "List",
                "children": [
                  {
                    "type": "ListItem",
                    "text": "The number of employees benefiting and the value of their compensation.",
                    "children": []
                  },
                  {
                    "type": "ListItem",
                    "text": "Efficiencies realized, which may vary depending on the use cases contemplated.",
                    "children": []
                  },
                  {
                    "type": "ListItem",
                    "text": "Whether time saved is repurposed productively.",
                    "children": []
                  }
                ]
              }
            ]
          },
          {
            "type": "Quote",
            "text": "“When you do a project, it’s not only development. Often what happens with this platform, the [app has already been built in the field], and we will be able to reuse what has already been done. [You can] add up all those budgets that you put in to make applications using other technologies.”",
            "attribution": "Head of Power Platform, transportation",
            "children": []
          }
        ]
      },
      {
        "type": "Footer",
        "text": "A FORRESTER TOTAL ECONOMIC IMPACT™ STUDY COMMISSIONED BY MICROSOFT",
        "children": []
      },
      {
        "type": "PageNumber",
        "text": "13",
        "children": []
      }
    ]
  }
  