{
    "type": "Root",
    "children": [
      {
        "type": "Header",
        "text": "2010 International Conference On Computer Design And Applications (ICCDA 2010)",
        "children": []
      },
      {
        "type": "Title",
        "text": "Research Paper Recommendation with Topic Analysis",
        "children": []
      },
      {
        "type": "Authors",
        "text": "Chenguang Pan, Wenxin Li\nComputer Science Department\nPeking University\nBeijing, China\n{cgp, lwx}@pku.edu.cn",
        "children": []
      },
      {
        "type": "Abstract",
        "text": "With the collaborative filtering techniques becoming more and more mature, recommender systems are widely used nowadays, especially in electronic commerce and social networks. However, the utilization of recommender system in academic research itself has not received enough attention. A research paper recommender system would greatly help researchers to find the most desirable papers in their fields of endeavor. Due to the textual nature of papers, content information could be integrated into existed recommendation methods. In this paper, we proposed that by using topic model techniques to make topic analysis on research papers, we could introduce a thematic similarity measurement into a modified version of item-based recommendation approach. This novel recommendation method could considerably alleviate the cold start problem in research paper recommendation. Our experiment result shows that our approach could recommend highly relevant research papers.",
        "children": [
          {
            "type": "Keywords",
            "text": "Keywords: collaborative filtering, research paper recommendation, latent dirichlet allocation, topic model, cold start",
            "children": []
          }
        ]
      },
      {
        "type": "Section",
        "text": "I. INTRODUCTION",
        "children": [
          {
            "type": "Paragraph",
            "text": "Recommender systems appeared in the early 1990s [1][2][3][4], and now they are playing a significant role in people's daily lives. Online shopping site Amazon.com and online movie rental company Netflix recommend commodities and services by analyzing customers’ preferences and online behaviors. Social networking services like [14] may suggest that you may know some people or would possibly like someone to become your friend. There are also interests-based social networking sites like [15] provides users with recommendations of books, music CDs, movies, and articles, and recommendations of people who might share the similar tastes based on users’ ratings for the mentioned items."
          },
          {
            "type": "Paragraph",
            "text": "In colleges, universities and research institutions, graduate students, professors, and other researchers need to find the papers most relevant to their research projects. Thus, looking for the right papers to read becomes a very important part of their academic lives. A research paper recommender system will benefit these people in helping them to find the most relevant papers and saving their precious time. Unluckily, paper research recommender systems have not received enough attention. The currently available relevant work includes [16][17][18][19] etc. All these works have not taken thematic information of research papers into recommendation. And there is even no appropriate dataset available for the overall evaluation of research paper recommendation algorithms."
          },
          {
            "type": "Paragraph",
            "text": "A recommender system primarily exploits two kinds of information: users’ ratings for items, profiles of users and/or items. Memory-based recommendation makes use of only the users’ ratings for items, say, the user-item matrix, with each entry the rating of a user for a certain item. There are basically two kinds of memory-based recommendations: user-based recommendation and item-based recommendation [6][7]. User-based recommendation attaches higher weights for users who share the similar rating patterns with the active user and calculate the utilities of new items from these weighted users. Item-based recommendation evaluates an item’s utility for a user by first selecting its most similar items that have been rated by the user, then compute the utility as the weighted average of the ratings of these similar items. For an online recommender system, when the number of the users grows to a considerable amount, the computation of similarity of every user pair’s rating patterns would be very time consuming, thus item-based recommendation could provide a feasible approach for it computes the similarities between items offline. Reference [8] gives a nice comprehensive survey on recommender systems."
          },
          {
            "type": "Paragraph",
            "text": "Research paper recommendation would not only utilize the user-item matrix but also the content information of the research papers. We use topic model techniques to make topic analysis of research papers and introduce the similarity over topics between research papers as the thematic similarity. By incorporating the thematic similarity and a modified version of item-based method, we could successfully generate highly relevant recommendations and greatly relieve the cold start problem."
          }
        ]
      },
      {
        "type": "Section",
        "text": "II. COLLABORATIVE FILTERING",
        "children": [
          {
            "type": "Paragraph",
            "text": "References [5][6][7][8][9] describe the details of the two approaches of memory-based recommendations: user-based recommendation and item-based recommendation, very well. For later convenience we will still elaborate on these two approaches."
          },
          {
            "type": "Paragraph",
            "text": "In a typical recommender system, we have a user set U consists of V users, an item set I consists of M items and a rating set R in which ru stands for user u’s rating for item i. Sg ⊆ I stands for the set of items user u has rated. Collaborative filtering algorithms attempt to compute the expected ratings or say, utilities of items that has not been rated by the active user, then present the active user with the items that are most similar to those that have been rated by him/her."
          }
        ]
      },
      {
        "type": "Footer",
        "text": "978-1-4244-7164-5/526.00 © 2010 IEEE\nV4-264\nVolume 4",
        "children": []
      }
    ]
  }
  