{
    "type": "Root",
    "children": [
      {
        "type": "Header",
        "text": "Executive Summary",
        "children": [
          {
            "type": "SubHeader",
            "text": "TEI Framework and Methodology",
            "children": [
              {
                "type": "Paragraph",
                "text": "From the information provided in the interviews and survey, Forrester constructed a Total Economic Impact™ framework for those organizations considering an investment in premium capabilities.",
                "children": []
              },
              {
                "type": "Paragraph",
                "text": "The objective of the framework is to identify the cost, benefit, flexibility, and risk factors that affect the investment decision. Forrester took a multistep approach to evaluate the impact that premium capabilities can have on an organization.",
                "children": []
              }
            ]
          },
          {
            "type": "SubHeader",
            "text": "Disclosures",
            "children": [
              {
                "type": "Paragraph",
                "text": "Readers should be aware of the following:",
                "children": []
              },
              {
                "type": "List",
                "children": [
                  {
                    "type": "ListItem",
                    "text": "This study is commissioned by Microsoft and delivered by Forrester Consulting. It is not meant to be used as a competitive analysis."
                  },
                  {
                    "type": "ListItem",
                    "text": "Forrester makes no assumptions as to the potential ROI that other organizations will receive. Forrester strongly advises that readers use their own estimates within the framework provided in the study to determine the appropriateness of an investment in PowerPlatform Premium Licenses."
                  },
                  {
                    "type": "ListItem",
                    "text": "Microsoft reviewed and provided feedback to Forrester, but Forrester maintains editorial control over the study and its findings and does not accept changes to the study that contradict Forrester’s findings or obscure the meaning of the study."
                  },
                  {
                    "type": "ListItem",
                    "text": "Microsoft provided the customer names for the interviews but did not participate in the interviews."
                  },
                  {
                    "type": "ListItem",
                    "text": "Forrester fielded the double-blind survey using a third-party survey partner."
                  }
                ]
              }
            ]
          },
          {
            "type": "SubHeader",
            "text": "Key Components",
            "children": [
              {
                "type": "List",
                "children": [
                  {
                    "type": "ListItem",
                    "text": "Due Diligence: Interviewed Microsoft stakeholders and Forrester analysts to gather data relative to Power Platform premium capabilities.",
                    "children": []
                  },
                  {
                    "type": "ListItem",
                    "text": "Interviews and Survey: Interviewed four representatives and surveyed 33 respondents at organizations using Power Platform Premium capabilities to obtain data with respect to costs, benefits, and risks.",
                    "children": []
                  },
                  {
                    "type": "ListItem",
                    "text": "Composite Organization: Designed a composite organization based on characteristics of the interviewees and survey respondents.",
                    "children": []
                  },
                  {
                    "type": "ListItem",
                    "text": "Financial Model Framework: Constructed a financial model representative of the interviews and survey using the TEI methodology and risk-adjusted the financial model based on issues and concerns of the interviewees and survey respondents.",
                    "children": []
                  },
                  {
                    "type": "ListItem",
                    "text": "Case Study: Employed four fundamental elements of TEI in modeling the investment impact: benefits, costs, flexibility, and risks. Given the increasing sophistication of ROI analyses related to IT investments, Forrester’s TEI methodology provides a complete picture of the total economic impact of purchase decisions. Please see Appendix A for additional information on the TEI methodology.",
                    "children": []
                  }
                ]
              }
            ]
          }
        ]
      },
      {
        "type": "Footer",
        "text": "A FORRESTER TOTAL ECONOMIC IMPACT™ STUDY COMMISSIONED BY MICROSOFT",
        "children": []
      },
      {
        "type": "PageNumber",
        "text": "7",
        "children": []
      }
    ]
  }
  