{
    "type": "Root",
    "children": [
      {
        "type": "Header",
        "text": "Analysis Of Benefits",
        "children": [
          {
            "type": "Paragraph",
            "text": "Results. To account for these risks, Forrester adjusted this benefit downward by 15%, yielding a three-year, risk-adjusted total PV of $7 million.",
            "children": []
          },
          {
            "type": "Table",
            "text": "Streamlined Business Processes",
            "children": [
              {
                "type": "TableRow",
                "row": 0,
                "children": [
                  {"type": "TableCell", "row": 0, "col": 0, "text": "Ref."},
                  {"type": "TableCell", "row": 0, "col": 1, "text": "Metric"},
                  {"type": "TableCell", "row": 0, "col": 2, "text": "Source"},
                  {"type": "TableCell", "row": 0, "col": 3, "text": "Year 1"},
                  {"type": "TableCell", "row": 0, "col": 4, "text": "Year 2"},
                  {"type": "TableCell", "row": 0, "col": 5, "text": "Year 3"}
                ]
              },
              {
                "type": "TableRow",
                "row": 1,
                "children": [
                  {"type": "TableCell", "row": 1, "col": 0, "text": "B1"},
                  {"type": "TableCell", "row": 1, "col": 1, "text": "Number of affected workers"},
                  {"type": "TableCell", "row": 1, "col": 2, "text": "A3*800+A4*300"},
                  {"type": "TableCell", "row": 1, "col": 3, "text": "2,600"},
                  {"type": "TableCell", "row": 1, "col": 4, "text": "6,800"},
                  {"type": "TableCell", "row": 1, "col": 5, "text": "9,600"}
                ]
              },
              {
                "type": "TableRow",
                "row": 2,
                "children": [
                  {"type": "TableCell", "row": 2, "col": 0, "text": "B2"},
                  {"type": "TableCell", "row": 2, "col": 1, "text": "Efficiency gain"},
                  {"type": "TableCell", "row": 2, "col": 2, "text": "Survey"},
                  {"type": "TableCell", "row": 2, "col": 3, "text": "0.75%"},
                  {"type": "TableCell", "row": 2, "col": 4, "text": "1.00%"},
                  {"type": "TableCell", "row": 2, "col": 5, "text": "1.50%"}
                ]
              },
              {
                "type": "TableRow",
                "row": 3,
                "children": [
                  {"type": "TableCell", "row": 3, "col": 0, "text": "B3"},
                  {"type": "TableCell", "row": 3, "col": 1, "text": "Fully burdened salary"},
                  {"type": "TableCell", "row": 3, "col": 2, "text": "TEI assumption"},
                  {"type": "TableCell", "row": 3, "col": 3, "text": "$90,000"},
                  {"type": "TableCell", "row": 3, "col": 4, "text": "$90,000"},
                  {"type": "TableCell", "row": 3, "col": 5, "text": "$90,000"}
                ]
              },
              {
                "type": "TableRow",
                "row": 4,
                "children": [
                  {"type": "TableCell", "row": 4, "col": 0, "text": "B4"},
                  {"type": "TableCell", "row": 4, "col": 1, "text": "Productivity recapture"},
                  {"type": "TableCell", "row": 4, "col": 2, "text": "TEI assumption"},
                  {"type": "TableCell", "row": 4, "col": 3, "text": "50%"},
                  {"type": "TableCell", "row": 4, "col": 4, "text": "50%"},
                  {"type": "TableCell", "row": 4, "col": 5, "text": "50%"}
                ]
              },
              {
                "type": "TableRow",
                "row": 5,
                "children": [
                  {"type": "TableCell", "row": 5, "col": 0, "text": "Bt"},
                  {"type": "TableCell", "row": 5, "col": 1, "text": "Streamlined business processes"},
                  {"type": "TableCell", "row": 5, "col": 2, "text": "B1*B2*B3*B4"},
                  {"type": "TableCell", "row": 5, "col": 3, "text": "$877,500"},
                  {"type": "TableCell", "row": 5, "col": 4, "text": "$3,060,000"},
                  {"type": "TableCell", "row": 5, "col": 5, "text": "$6,480,000"}
                ]
              },
              {
                "type": "TableRow",
                "row": 6,
                "children": [
                  {"type": "TableCell", "row": 6, "col": 0, "text": ""},
                  {"type": "TableCell", "row": 6, "col": 1, "text": "Risk adjustment"},
                  {"type": "TableCell", "row": 6, "col": 2, "text": "↓15%"},
                  {"type": "TableCell", "row": 6, "col": 3, "text": ""},
                  {"type": "TableCell", "row": 6, "col": 4, "text": ""},
                  {"type": "TableCell", "row": 6, "col": 5, "text": ""}
                ]
              },
              {
                "type": "TableRow",
                "row": 7,
                "children": [
                  {"type": "TableCell", "row": 7, "col": 0, "text": "Btr"},
                  {"type": "TableCell", "row": 7, "col": 1, "text": "Streamlined business processes (risk-adjusted)"},
                  {"type": "TableCell", "row": 7, "col": 2, "text": ""},
                  {"type": "TableCell", "row": 7, "col": 3, "text": "$745,875"},
                  {"type": "TableCell", "row": 7, "col": 4, "text": "$2,601,000"},
                  {"type": "TableCell", "row": 7, "col": 5, "text": "$5,508,000"}
                ]
              }
            ]
          },
          {
            "type": "Paragraph",
            "text": "Three-year total: $8,854,875. Three-year present value: $6,965,987",
            "children": []
          },
          {
            "type": "SubHeader",
            "text": "Application Retirement Savings",
            "children": [
              {
                "type": "Paragraph",
                "text": "Evidence and data. Premium capabilities granting access to premium connectors and Dataverse allowed interviewees’ organizations to save on maintenance and license fees by retiring legacy applications.",
                "children": []
              },
              {
                "type": "List",
                "children": [
                  {
                    "type": "ListItem",
                    "text": "Survey respondents said their organizations saved an average of $31,000 per retired application through avoided fees, infrastructure, and maintenance costs.",
                    "children": []
                  },
                  {
                    "type": "ListItem",
                    "text": "According to survey data, an average of 54% of legacy applications were retired due to the investment in premium capabilities including connectors and/or Dataverse.",
                    "children": []
                  },
                  {
                    "type": "ListItem",
                    "text": "Among interviewees’ and survey respondents’ organizations, the applications retired ranged from small applications to larger-scale systems. Similarly, reasons for retiring applications varied, but an interviewed solution architect at a financial services company said, 'With this Lotus Notes migration [to cloud], the fact that Dataverse is available will probably weigh in the balance for people to choose the Power Platform to migrate rather than full developing platform.'",
                    "children": []
                  }
                ]
              }
            ]
          },
          {
            "type": "Quote",
            "text": "“Everything related to infrastructure is an advantage especially when you [can] make an application very quickly [since] it saves time.”",
            "attribution": "Head of Power Platform, transportation",
            "children": []
          }
        ]
      },
      {
        "type": "Footer",
        "text": "A FORRESTER TOTAL ECONOMIC IMPACT™ STUDY COMMISSIONED BY MICROSOFT",
        "children": []
      },
      {
        "type": "PageNumber",
        "text": "14",
        "children": []
      }
    ]
  }
  