{
    "type": "Root",
    "children": [
      {
        "type": "Header",
        "text": "The Microsoft Power Platform Premium Capabilities Customer Journey",
        "children": [
          {
            "type": "SubHeader",
            "text": "Drivers leading to the Power Platform premium capabilities investment",
            "children": []
          },
          {
            "type": "SubHeader",
            "text": "Key Challenges",
            "children": [
              {
                "type": "Paragraph",
                "text": "Forrester interviewed four representatives and surveyed 33 respondents with experience using Power Platform premium capabilities at their organizations. For more details on these individuals and the organizations they represent, see Appendix B.",
                "children": []
              },
              {
                "type": "Paragraph",
                "text": "Although their companies derived value from Power Platform prior to adopting Power Platform premium capabilities (leveraging standard connectors included with Microsoft 365 E3 and E5 seeded capabilities), they faced technical barriers to integrating enterprise data into the more efficient and easier-to-use Power Platform, where data could be fully leveraged.",
                "children": []
              },
              {
                "type": "Paragraph",
                "text": "Interviewees and survey respondents noted how their organizations struggled with common challenges before deploying Power Platform’s premium capabilities. These challenges included:",
                "children": []
              },
              {
                "type": "List",
                "children": [
                  {
                    "type": "ListItem",
                    "text": "Power Platform environments could not extend throughout organizations. Organizations lacked a way to expose and use key data in their Power Platform environments without making costly investments of resources or potentially compromising security, visibility, or reliability. For solutions involving a complex data model or significant logic or integration complexity, trying to integrate into Power Platform could be difficult and cause issues with maintaining the data schema. Before Power Platform premium capabilities, data was not available and ready to use in Dataverse. Data required repackaging for integration in some cases, leading to errors and lost time.",
                    "children": []
                  },
                  {
                    "type": "ListItem",
                    "text": "Inability to shift away from traditional development efforts toward more-efficient app development platforms increased the development backlog and inhibited ability to reuse code, develop new applications, replace older applications, or undertake other digitization efforts.",
                    "children": []
                  },
                  {
                    "type": "ListItem",
                    "text": "Inhibited citizen development efforts. Given that data could not be exposed safely and efficiently, Power Platform could not consistently be leveraged by the staff closest to the business challenges to be solved, inhibiting application development velocity and forcing a greater share of development work to remain backlogged with their professional developers. Without the licensing to access the appropriate enterprise data, solutions management, and the robust center of excellence toolkit and Managed Environments needed for global enterprise deployments, organizations could not fully harness the low-code capabilities of Power Platform to streamline processes across their global enterprise organizations or improve business outcomes.",
                    "children": []
                  },
                  {
                    "type": "ListItem",
                    "text": "Legacy applications were costly to develop and maintain. The organizations spent significant time and money on traditional development and maintenance of legacy applications instead of realizing more-efficient ways of development that did not require expending resources on hosting and maintenance of infrastructure or paying legacy license fees.",
                    "children": []
                  }
                ]
              }
            ]
          }
        ]
      },
      {
        "type": "Footer",
        "text": "A FORRESTER TOTAL ECONOMIC IMPACT™ STUDY COMMISSIONED BY MICROSOFT",
        "children": []
      },
      {
        "type": "PageNumber",
        "text": "8",
        "children": []
      }
    ]
  }
  