{
    "type": "Root",
    "children": [
      {
        "type": "Header",
        "text": "Analysis Of Benefits",
        "children": [
          {
            "type": "SubHeader",
            "text": "Flexibility",
            "children": [
              {
                "type": "Quote",
                "text": "“It’s not just time we are saving for the people; it’s the time we are saving for [our organization] to be more agile.”",
                "attribution": "Platform manager, food manufacturing and distribution company",
                "children": []
              },
              {
                "type": "List",
                "children": [
                  {
                    "type": "ListItem",
                    "text": "Agility. Sixty-three percent of survey respondents agreed that premium capabilities including premium connectors and Dataverse made their organizations more agile for system changes, reducing cycle time for new products and services. Power Platform premium capabilities support greater agility for organizations as new use cases are deployed, allowing the organizations to respond more quickly to the fast-changing global business environment, from pandemics to supply-chain shocks to changes in consumer behavior.",
                    "children": []
                  },
                  {
                    "type": "ListItem",
                    "text": "Scalability. Premium capabilities, especially per-user licenses without limits on the number of connections, mean that users and organizations can incorporate more sources of data over time and expand the Power Platform environments throughout their organizations.",
                    "children": []
                  }
                ]
              },
              {
                "type": "Paragraph",
                "text": "Flexibility would also be quantified when evaluated as part of a specific project (described in more detail in Appendix A).",
                "children": []
              }
            ]
          }
        ]
      },
      {
        "type": "Footer",
        "text": "A FORRESTER TOTAL ECONOMIC IMPACT™ STUDY COMMISSIONED BY MICROSOFT",
        "children": []
      },
      {
        "type": "PageNumber",
        "text": "20",
        "children": []
      }
    ]
  }
  