{
    "type": "Root",
    "children": [
      {
        "type": "Header",
        "text": "Analysis Of Costs",
        "children": [
          {
            "type": "Table",
            "text": "Total Costs",
            "children": [
              {
                "type": "TableRow",
                "row": 0,
                "children": [
                  {"type": "TableCell", "row": 0, "col": 0, "text": "Ref."},
                  {"type": "TableCell", "row": 0, "col": 1, "text": "Cost"},
                  {"type": "TableCell", "row": 0, "col": 2, "text": "Initial"},
                  {"type": "TableCell", "row": 0, "col": 3, "text": "Year 1"},
                  {"type": "TableCell", "row": 0, "col": 4, "text": "Year 2"},
                  {"type": "TableCell", "row": 0, "col": 5, "text": "Year 3"},
                  {"type": "TableCell", "row": 0, "col": 6, "text": "Total"},
                  {"type": "TableCell", "row": 0, "col": 7, "text": "Present Value"}
                ]
              },
              {
                "type": "TableRow",
                "row": 1,
                "children": [
                  {"type": "TableCell", "row": 1, "col": 0, "text": "Etr"},
                  {"type": "TableCell", "row": 1, "col": 1, "text": "Power Platform premium development costs"},
                  {"type": "TableCell", "row": 1, "col": 2, "text": "$0"},
                  {"type": "TableCell", "row": 1, "col": 3, "text": "$366,300"},
                  {"type": "TableCell", "row": 1, "col": 4, "text": "$937,200"},
                  {"type": "TableCell", "row": 1, "col": 5, "text": "$1,317,800"},
                  {"type": "TableCell", "row": 1, "col": 6, "text": "$2,621,300"},
                  {"type": "TableCell", "row": 1, "col": 7, "text": "$2,097,628"}
                ]
              },
              {
                "type": "TableRow",
                "row": 2,
                "children": [
                  {"type": "TableCell", "row": 2, "col": 0, "text": "Ftr"},
                  {"type": "TableCell", "row": 2, "col": 1, "text": "License costs"},
                  {"type": "TableCell", "row": 2, "col": 2, "text": "$0"},
                  {"type": "TableCell", "row": 2, "col": 3, "text": "$655,200"},
                  {"type": "TableCell", "row": 2, "col": 4, "text": "$1,713,600"},
                  {"type": "TableCell", "row": 2, "col": 5, "text": "$2,419,200"},
                  {"type": "TableCell", "row": 2, "col": 6, "text": "$4,788,000"},
                  {"type": "TableCell", "row": 2, "col": 7, "text": "$3,829,415"}
                ]
              },
              {
                "type": "TableRow",
                "row": 3,
                "children": [
                  {"type": "TableCell", "row": 3, "col": 0, "text": ""},
                  {"type": "TableCell", "row": 3, "col": 1, "text": "Total costs (risk-adjusted)"},
                  {"type": "TableCell", "row": 3, "col": 2, "text": "$0"},
                  {"type": "TableCell", "row": 3, "col": 3, "text": "$1,021,500"},
                  {"type": "TableCell", "row": 3, "col": 4, "text": "$2,650,800"},
                  {"type": "TableCell", "row": 3, "col": 5, "text": "$3,737,000"},
                  {"type": "TableCell", "row": 3, "col": 6, "text": "$7,409,300"},
                  {"type": "TableCell", "row": 3, "col": 7, "text": "$5,927,043"}
                ]
              }
            ]
          },
          {
            "type": "SubHeader",
            "text": "Power Platform Premium Development Costs",
            "children": [
              {
                "type": "Paragraph",
                "text": "Evidence and data. Premium capabilities enabling use of premium connectors and Dataverse helped interviewees’ organizations make development efficient and cost-effective by exposing more data and larger portions of the environment to Power Platform, allowing greater capture of Power Platform benefits. The costs in this section replace the eliminated traditional development effort benefit category in the Benefits section Atr. Development costs are lower than they were in the prior state without premium capabilities because business users are doing most of the creation in place of professional developer and data teams.",
                "children": []
              },
              {
                "type": "Paragraph",
                "text": "Interviewees and survey respondents shared how their organizations have reduced development costs by using Power Platform premium capabilities, and these cost reductions were discussed previously in the Benefits section of the study.",
                "children": []
              },
              {
                "type": "SubHeader",
                "text": "Modeling and assumptions",
                "children": [
                  {
                    "type": "List",
                    "children": [
                      {
                        "type": "ListItem",
                        "text": "The average solution cost to develop a large application is $93,000 and it costs $40,000 to develop a medium solution.",
                        "children": []
                      },
                      {
                        "type": "ListItem",
                        "text": "The cost to develop each large solution using Power Platform premium capabilities is relatively greater than the cost to develop each medium solution given the greater need for professional and IT resources for larger solutions.",
                        "children": []
                      }
                    ]
                  }
                ]
              },
              {
                "type": "SubHeader",
                "text": "Risks",
                "children": [
                  {
                    "type": "Paragraph",
                    "text": "Some factors that could result in this cost being higher than interviewees reported include:",
                    "children": []
                  },
                  {
                    "type": "List",
                    "children": [
                      {
                        "type": "ListItem",
                        "text": "Changes to the number of large and/or medium solutions being developed.",
                        "children": []
                      },
                      {
                        "type": "ListItem",
                        "text": "The nature and complexity of solutions being developed.",
                        "children": []
                      }
                    ]
                  },
                  {
                    "type": "Paragraph",
                    "text": "Results. To account for these risks, Forrester adjusted this cost upward by 10%, yielding a three-year, risk-adjusted total PV (discounted at 10%) of $2 million.",
                    "children": []
                  }
                ]
              }
            ]
          }
        ]
      },
      {
        "type": "Footer",
        "text": "A FORRESTER TOTAL ECONOMIC IMPACT™ STUDY COMMISSIONED BY MICROSOFT",
        "children": []
      },
      {
        "type": "PageNumber",
        "text": "21",
        "children": []
      }
    ]
  }
  