{
    "type": "Root",
    "children": [
      {
        "type": "Header",
        "text": "Table Of Contents",
        "children": [
          {
            "type": "Entry",
            "text": "Executive Summary",
            "page": 1,
            "children": []
          },
          {
            "type": "Entry",
            "text": "The Microsoft Power Platform Premium Capabilities Customer Journey",
            "page": 8,
            "children": [
              {
                "type": "SubEntry",
                "text": "Key Challenges",
                "page": 8,
                "children": []
              },
              {
                "type": "SubEntry",
                "text": "Composite Organization",
                "page": 9,
                "children": []
              }
            ]
          },
          {
            "type": "Entry",
            "text": "Analysis Of Benefits",
            "page": 10,
            "children": [
              {
                "type": "SubEntry",
                "text": "Eliminated Traditional Development Effort",
                "page": 10,
                "children": []
              },
              {
                "type": "SubEntry",
                "text": "Streamlined Business Processes",
                "page": 12,
                "children": []
              },
              {
                "type": "SubEntry",
                "text": "Application Retirement Savings",
                "page": 14,
                "children": []
              },
              {
                "type": "SubEntry",
                "text": "Improved Business Outcomes",
                "page": 15,
                "children": []
              },
              {
                "type": "SubEntry",
                "text": "Unquantified Benefits",
                "page": 17,
                "children": []
              },
              {
                "type": "SubEntry",
                "text": "Flexibility",
                "page": 19,
                "children": []
              }
            ]
          },
          {
            "type": "Entry",
            "text": "Analysis Of Costs",
            "page": 21,
            "children": [
              {
                "type": "SubEntry",
                "text": "Power Platform Premium Development Costs",
                "page": 21,
                "children": []
              },
              {
                "type": "SubEntry",
                "text": "License Costs",
                "page": 22,
                "children": []
              }
            ]
          },
          {
            "type": "Entry",
            "text": "Financial Summary",
            "page": 24,
            "children": []
          },
          {
            "type": "Entry",
            "text": "Appendix A: Total Economic Impact",
            "page": 25,
            "children": []
          },
          {
            "type": "Entry",
            "text": "Appendix B: Interview And Survey Demographics",
            "page": 26,
            "children": []
          },
          {
            "type": "Entry",
            "text": "Appendix C: Endnotes",
            "page": 27,
            "children": []
          }
        ]
      },
      {
        "type": "Footer",
        "text": "Consulting Team: Margaret Firth, Claudia Heaney",
        "children": []
      },
      {
        "type": "Footer",
        "text": "ABOUT FORRESTER CONSULTING",
        "children": [
          {
            "type": "Paragraph",
            "text": "Forrester Consulting provides independent and objective research-based consulting to help leaders succeed in their organizations. For more information, visit forrester.com/consulting.",
            "children": []
          },
          {
            "type": "Paragraph",
            "text": "© Forrester Research, Inc. All rights reserved. Unauthorized reproduction is strictly prohibited. Information is based on the best available resources. Opinions reflect judgment at the time and are subject to change. Forrester®, Technographics®, Forrester Wave, RoleView, TechRadar, and Total Economic Impact are trademarks of Forrester Research, Inc. All other trademarks are the property of their respective companies.",
            "children": []
          }
        ]
      },
      {
        "type": "Footer",
        "text": "THE TOTAL ECONOMIC IMPACT™ OF MICROSOFT POWER PLATFORM PREMIUM CAPABILITIES",
        "children": []
      }
    ]
  }
  