{
    "type": "Root",
    "children": [
      {
        "type": "Header",
        "text": "The Microsoft Power Platform Premium Capabilities Customer Journey",
        "children": [
          {
            "type": "SubHeader",
            "text": "Composite Organization",
            "children": [
              {
                "type": "Paragraph",
                "text": "Based on the interviews and survey, Forrester constructed a TEI framework, a composite company, and an ROI analysis that illustrates the areas financially affected. The composite organization is representative of the four interviewees and the 33 survey respondents, and it is used to present the aggregate financial analysis in the next section.",
                "children": []
              },
              {
                "type": "SubHeader",
                "text": "Description of composite",
                "children": [
                  {
                    "type": "Paragraph",
                    "text": "The composite organization is a global enterprise that has annual revenues of $3 billion and 10,000 employees. Microsoft Power Platform E3 and E5 licenses with all seeded capabilities — including but not limited to Office 365, Dynamics, Azure, and Power Apps — are deployed throughout the organization. Corporate IT has a strong commitment to expanding low-code solution development within the Microsoft stack of solutions.",
                    "children": []
                  }
                ]
              },
              {
                "type": "SubHeader",
                "text": "Deployment characteristics",
                "children": [
                  {
                    "type": "Paragraph",
                    "text": "The composite organization uses the standard Power Platform including Power BI, Power Automate, Power Apps – Model Driven Apps and Canvas apps, Power Virtual Agents, AI Builder, and Power Pages. The deployment includes a full range of premium capabilities: premium connectors including (but not limited to) SQL and custom connectors, Dataverse to store and manage data, professional developer capabilities including the Power Apps component framework and reusable controls, Dynamics, Azure, and center of excellence toolkits.",
                    "children": []
                  },
                  {
                    "type": "Paragraph",
                    "text": "Each year, the organization develops a number of large, 800-user solutions and medium, 300-user solutions using premium capabilities. The number of solutions developed, as well as the number of per-user licenses, increase from year to year as new use cases are realized and older applications are retired. The organization develops an increasing number of solutions using Power Platform premium capabilities over time, with 18 solutions in Year 1, 40 solutions in Year 2, and 46 solutions in Year 3. Forty percent of solutions developed on Power Platform use premium capabilities including connectors and/or Dataverse.",
                    "children": []
                  },
                  {
                    "type": "Paragraph",
                    "text": "The composite purchases licenses on a per-user basis given that licensed staff use four or more applications on average. This supports the composite’s strategy to facilitate increased solutions development by extending access to larger numbers of business user staff outside of the organization’s pro developers who are typically responsible to build and deliver similar solutions. Business users are well-positioned to participate in low-code and no-code development since their roles and topic expertise are highly relevant to the most useful application and automation characteristics and functions. The number of users licensed for premium capabilities increases over time, from 2,600 in Year 1 to 9,600 in Year 3.",
                    "children": []
                  }
                ]
              }
            ]
          },
          {
            "type": "Highlight",
            "text": "Key Assumptions",
            "children": [
              {
                "type": "List",
                "children": [
                  {
                    "type": "ListItem",
                    "text": "Global enterprise"
                  },
                  {
                    "type": "ListItem",
                    "text": "$3 billion annual revenue"
                  },
                  {
                    "type": "ListItem",
                    "text": "10,000 employees"
                  }
                ]
              }
            ]
          }
        ]
      },
      {
        "type": "Footer",
        "text": "A FORRESTER TOTAL ECONOMIC IMPACT™ STUDY COMMISSIONED BY MICROSOFT",
        "children": []
      },
      {
        "type": "PageNumber",
        "text": "9",
        "children": []
      }
    ]
  }
  