{
    "type": "Root",
    "children": [
      {
        "type": "Header",
        "text": "Analysis Of Costs",
        "children": [
          {
            "type": "SubHeader",
            "text": "License Costs",
            "children": [
              {
                "type": "Paragraph",
                "text": "Risks. Some factors that could result in this cost being higher than modeled for the composite organization include:",
                "children": []
              },
              {
                "type": "List",
                "children": [
                  {
                    "type": "ListItem",
                    "text": "A different mix of licenses and capabilities purchased.",
                    "children": []
                  },
                  {
                    "type": "ListItem",
                    "text": "An accelerated rollout of licenses to more staff.",
                    "children": []
                  }
                ]
              },
              {
                "type": "Paragraph",
                "text": "Results. To account for these risks, Forrester adjusted this cost upward by 5%, yielding a three-year, risk-adjusted total PV of $3.8 million.",
                "children": []
              }
            ]
          },
          {
            "type": "Table",
            "text": "License Costs",
            "children": [
              {
                "type": "TableRow",
                "row": 0,
                "children": [
                  {"type": "TableCell", "row": 0, "col": 0, "text": "Ref."},
                  {"type": "TableCell", "row": 0, "col": 1, "text": "Metric"},
                  {"type": "TableCell", "row": 0, "col": 2, "text": "Source"},
                  {"type": "TableCell", "row": 0, "col": 3, "text": "Year 1"},
                  {"type": "TableCell", "row": 0, "col": 4, "text": "Year 2"},
                  {"type": "TableCell", "row": 0, "col": 5, "text": "Year 3"}
                ]
              },
              {
                "type": "TableRow",
                "row": 1,
                "children": [
                  {"type": "TableCell", "row": 1, "col": 0, "text": "F1"},
                  {"type": "TableCell", "row": 1, "col": 1, "text": "Per-user premium licenses"},
                  {"type": "TableCell", "row": 1, "col": 2, "text": "A3*800+A4*300"},
                  {"type": "TableCell", "row": 1, "col": 3, "text": "2,600"},
                  {"type": "TableCell", "row": 1, "col": 4, "text": "6,800"},
                  {"type": "TableCell", "row": 1, "col": 5, "text": "9,600"}
                ]
              },
              {
                "type": "TableRow",
                "row": 2,
                "children": [
                  {"type": "TableCell", "row": 2, "col": 0, "text": "F2"},
                  {"type": "TableCell", "row": 2, "col": 1, "text": "Average monthly cost of a per-user premium license"},
                  {"type": "TableCell", "row": 2, "col": 2, "text": "Interviews"},
                  {"type": "TableCell", "row": 2, "col": 3, "text": "$20"},
                  {"type": "TableCell", "row": 2, "col": 4, "text": "$20"},
                  {"type": "TableCell", "row": 2, "col": 5, "text": "$20"}
                ]
              },
              {
                "type": "TableRow",
                "row": 3,
                "children": [
                  {"type": "TableCell", "row": 3, "col": 0, "text": "Ft"},
                  {"type": "TableCell", "row": 3, "col": 1, "text": "License costs"},
                  {"type": "TableCell", "row": 3, "col": 2, "text": "12*(F1*F2)"},
                  {"type": "TableCell", "row": 3, "col": 3, "text": "$624,000"},
                  {"type": "TableCell", "row": 3, "col": 4, "text": "$1,632,000"},
                  {"type": "TableCell", "row": 3, "col": 5, "text": "$2,304,000"}
                ]
              },
              {
                "type": "TableRow",
                "row": 4,
                "children": [
                  {"type": "TableCell", "row": 4, "col": 0, "text": "Risk adjustment"},
                  {"type": "TableCell", "row": 4, "col": 1, "text": "↑15%"},
                  {"type": "TableCell", "row": 4, "col": 2, "text": ""},
                  {"type": "TableCell", "row": 4, "col": 3, "text": ""},
                  {"type": "TableCell", "row": 4, "col": 4, "text": ""},
                  {"type": "TableCell", "row": 4, "col": 5, "text": ""}
                ]
              },
              {
                "type": "TableRow",
                "row": 5,
                "children": [
                  {"type": "TableCell", "row": 5, "col": 0, "text": "Ftr"},
                  {"type": "TableCell", "row": 5, "col": 1, "text": "License costs (risk-adjusted)"},
                  {"type": "TableCell", "row": 5, "col": 2, "text": ""},
                  {"type": "TableCell", "row": 5, "col": 3, "text": "$655,200"},
                  {"type": "TableCell", "row": 5, "col": 4, "text": "$1,713,600"},
                  {"type": "TableCell", "row": 5, "col": 5, "text": "$2,419,200"}
                ]
              }
            ]
          },
          {
            "type": "Paragraph",
            "text": "Three-year total: $4,788,000. Three-year present value: $3,829,415",
            "children": []
          }
        ]
      },
      {
        "type": "Footer",
        "text": "A FORRESTER TOTAL ECONOMIC IMPACT™ STUDY COMMISSIONED BY MICROSOFT",
        "children": []
      },
      {
        "type": "PageNumber",
        "text": "23",
        "children": []
      }
    ]
  }
  