{
    "type": "Root",
    "children": [
      {
        "type": "Column",
        "column": 1,
        "children": [
          {
            "type": "Header",
            "text": "#7: Columns"
          },
          {
            "type": "Paragraph",
            "text": "Columns are commonly used on paper and Prince supports multi-column layouts described in CSS. This document is laid out in two columns. Also, this section uses a two-column layout with gap and a rule between. The width of the gap and the style of the rule is set in the style sheet."
          },
          {
            "type": "Header",
            "text": "#8: CMYK colors"
          },
          {
            "type": "Paragraph",
            "text": "Printers don’t use RGB colors, they mostly use CMYK: cyan, magenta, yellow and black. Prince 6 can read CMYK colors and will use them, if present. The heading above this paragraph has both an RGB color (red) and a CMYK color (bluish). Therefore, the text is red in browsers, but blue in the PDF version. This is for demonstration purposes; normally the colors would be close to each other."
          },
          {
            "type": "Header",
            "text": "#9: Counters"
          },
          {
            "type": "Paragraph",
            "text": "If you are reading the HTML source code of this document, look for the h2 elements. You will notice that they contain the text of the headings, but not their number. The list item number, including the “#” and “-.” are automatically generated by the style sheet. Generated content and counters are especially useful for complex documents. They are described in CSS level 2.1."
          },
          {
            "type": "Header",
            "text": "#10: Crop and cross marks"
          },
          {
            "type": "Paragraph",
            "text": "In printing, crop marks are used to indicate where the printed paper should be cut. Cross marks are used to align prints of different colors to improve color reproduction. Prince 6 adds support for crop and cross marks, and the PDF version of this document includes both."
          }
        ]
      },
      {
        "type": "Column",
        "column": 2,
        "children": [
          {
            "type": "Header",
            "text": "#11: Cross-references"
          },
          {
            "type": "Paragraph",
            "text": "Prince can read hyperlinks inside a document and generate page numbers accordingly. For example, it will automatically find out which page Headers and Footers are discussed on (page 2). Cross-references are used to generate the Table of contents (page 1)."
          },
          {
            "type": "Header",
            "text": "#12: Math"
          },
          {
            "type": "Paragraph",
            "text": "Prince 6 add experimental support for MathML. Here is an example:"
          },
          {
            "type": "Math",
            "content": "maps to x → y = fₙ(x) = ( 1 + 1/x )ⁿ"
          },
          {
            "type": "Header",
            "text": "#13: Footnotes"
          },
          {
            "type": "Paragraph",
            "text": "Footnotes are essential in printed documents and Prince knows how to generate them. Unlike what some people think, footnotes are not the place to put information you don’t want to see. More often, footnotes will actually attract attention. 9 of 10 readers will read the footnotes before they read the text from where the footnotes are anchored."
          },
          {
            "type": "Header",
            "text": "#14: Leaders"
          },
          {
            "type": "Paragraph",
            "text": "Leaders consist of dots or dashes in a row leading the eye across a page. For example, the Table of contents has leaders in it. The leaders are not found in the document itself, but rather in the style sheet."
          },
          {
            "type": "Header",
            "text": "#15: SVG"
          },
          {
            "type": "Paragraph",
            "text": "Scalable Vector Graphics (SVG) is a language for describing two-dimensional graphics for the web. SVG images scale better than traditional bitmapped images and are suitable for printing. The crown is generated by two SVG elements."
          }
        ]
      }
    ]
  }
  