{
    "type": "Root",
    "children": [
      {
        "type": "Header",
        "text": "Executive Summary",
        "children": [
          {
            "type": "Paragraph",
            "text": "Premium capabilities enhance the Power Platform, empowering enterprises to unlock more business value using the platform. These capabilities can break down silos and level barriers to leveraging the full force of enterprise data, especially at companies with limited developer resources. Enterprises can tackle complex problems at greater scale, supported by collaborative development processes uniting IT and business staff. The result is greater efficiency, improved solutions, and better outcomes.",
            "children": []
          },
          {
            "type": "SubHeader",
            "text": "Microsoft Power Platform",
            "children": [
              {
                "type": "Paragraph",
                "text": "Microsoft Power Platform consists of Power Apps, Power Automate, Power BI, and Power Virtual Agents. Premium capabilities add to the seeded Power Platform products in Microsoft 365 E3 and E5, expanding the data available and unlocking new use cases across Power Platform. Premium capabilities include:",
                "children": []
              },
              {
                "type": "List",
                "children": [
                  {
                    "type": "ListItem",
                    "text": "More than 700 premium connectors to third-party ERP, CRM, and other systems of record."
                  },
                  {
                    "type": "ListItem",
                    "text": "The ability to build and create customer connectors across Power Platform that extend apps, flows, dashboards, virtual agents, and websites by calling a publicly available API or a custom API hosted in a cloud provider (such as Azure API Management)."
                  },
                  {
                    "type": "ListItem",
                    "text": "Power Apps model-driven apps."
                  },
                  {
                    "type": "ListItem",
                    "text": "Microsoft Dataverse."
                  }
                ]
              },
              {
                "type": "Paragraph",
                "text": "Many of the Power Platform premium features including AI Builder, Power Virtual Agents, and Power Pages are backed by Microsoft Dataverse, a data storage and management tool, as a foundation. This allows for easy design of data structures and business logic to connect to applications.",
                "children": []
              },
              {
                "type": "Paragraph",
                "text": "Premium capabilities enhance the apps that can be built on Power Platform, improving scalability for global enterprises. Further, end users benefit from the fact that Power Platform UI can be deployed across a variety of devices, from desktop to mobile, in low- and no-code design environments. These features support companies' digitization efforts, increase use and reuse of applications and flows, and expand potential use cases for the platform. They also support the evolution of low-code/no-code development for business developers. Through a collaborative approach between business users, IT, and developers, Power Platform development utilizes",
                "children": []
              }
            ]
          },
          {
            "type": "Statistics",
            "children": [
              {
                "type": "StatisticItem",
                "text": "Return on investment (ROI): 140%",
                "children": []
              },
              {
                "type": "StatisticItem",
                "text": "Net present value (NPV): $8.32M",
                "children": []
              },
              {
                "type": "StatisticItem",
                "text": "Application development cost reduction: 45%",
                "children": []
              }
            ]
          }
        ]
      },
      {
        "type": "Footer",
        "text": "A FORRESTER TOTAL ECONOMIC IMPACT™ STUDY COMMISSIONED BY MICROSOFT",
        "children": []
      },
      {
        "type": "PageNumber",
        "text": "1",
        "children": []
      }
    ]
  }
  