{
    "type": "Root",
    "children": [
      {
        "type": "Header",
        "text": "Executive Summary",
        "children": [
          {
            "type": "Paragraph",
            "text": "\"Below is a list of benefits your company may have experienced since its investment in premium capabilities including connectors / Dataverse. On a scale of 1 to 5, how much do you agree or disagree with the following statements regarding the impact of premium capabilities including connectors / Dataverse on your organization?\"",
            "children": []
          },
          {
            "type": "Statistics",
            "children": [
              {
                "type": "StatisticItem",
                "text": "Increased security and/or visibility around data connections: 91% Agree",
                "children": []
              },
              {
                "type": "StatisticItem",
                "text": "Improved IT governance: 81% Agree",
                "children": []
              },
              {
                "type": "StatisticItem",
                "text": "Improved collaboration between professional developers and citizen developers: 78% Agree",
                "children": []
              },
              {
                "type": "StatisticItem",
                "text": "Facilitated the work of professional developers and/or the broader community (citizen development): 75% Agree",
                "children": []
              },
              {
                "type": "StatisticItem",
                "text": "Facilitated digital transformation and/or move-to-cloud strategy: 75% Agree",
                "children": []
              },
              {
                "type": "StatisticItem",
                "text": "Improved compliance for internal audit points and/or external regulations (e.g., GDPR): 75% Agree",
                "children": []
              },
              {
                "type": "StatisticItem",
                "text": "Increased employee satisfaction in the tools they work with: 66% Agree",
                "children": []
              },
              {
                "type": "StatisticItem",
                "text": "Helped eliminate or rein in shadow IT: 63% Agree",
                "children": []
              },
              {
                "type": "StatisticItem",
                "text": "Enabled improvements that have resulted in greater sustainability: 57% Agree",
                "children": []
              },
              {
                "type": "StatisticItem",
                "text": "Decreased downtime or process outage: 48% Agree",
                "children": []
              }
            ]
          },
          {
            "type": "Footer",
            "text": "Base: 33 IT decision-makers. Source: A commissioned study conducted by Forrester Consulting on behalf of Microsoft, May 2022",
            "children": []
          }
        ]
      },
      {
        "type": "Footer",
        "text": "A FORRESTER TOTAL ECONOMIC IMPACT™ STUDY COMMISSIONED BY MICROSOFT",
        "children": []
      },
      {
        "type": "PageNumber",
        "text": "5",
        "children": []
      }
    ]
  }
  