{
    "type": "Root",
    "children": [
      {
        "type": "Header",
        "text": "2010 International Conference On Computer Design And Applications (ICCDA 2010)",
        "children": []
      },
      {
        "type": "Table",
        "title": "TABLE I. TOPICS MIXTURE IN DOC. 59",
        "columns": ["TOPIC ID", "TOPIC WEIGHT"],
        "rows": [
          {"TOPIC ID": "32", "TOPIC WEIGHT": "0.70430677"},
          {"TOPIC ID": "27", "TOPIC WEIGHT": "0.12827462"},
          {"TOPIC ID": "26", "TOPIC WEIGHT": "0.06082450"},
          {"TOPIC ID": "5", "TOPIC WEIGHT": "0.04884446"},
          {"TOPIC ID": "38", "TOPIC WEIGHT": "0.02355998"},
          {"TOPIC ID": "8", "TOPIC WEIGHT": "0.01476728"},
          {"TOPIC ID": "35", "TOPIC WEIGHT": "0.00831414"},
          {"TOPIC ID": "23", "TOPIC WEIGHT": "0.00370497"},
          {"TOPIC ID": "6", "TOPIC WEIGHT": "0.00325435"},
          {"TOPIC ID": "33", "TOPIC WEIGHT": "0.00144088"},
          {"TOPIC ID": "11", "TOPIC WEIGHT": "0.00004865"},
          {"TOPIC ID": "3", "TOPIC WEIGHT": "0.00000203"}
        ]
      },
      {
        "type": "Paragraph",
        "text": "Table I shows the coefficients of topic mixture in Doc. 59: “A Novel Scheme for Fingerprint Identification” by Tsong-Liang Huang et al. Only 12 topics with highest mixture weight are shown in Table I. It is very obvious that this research paper is mainly about Topic 32 and Topic 27. Topics 32 and 27’s probability to generate each word is shown in Table 3 and 4. Only 20 words with the highest probability are shown."
      },
      {
        "type": "Table",
        "title": "TABLE III. WORDS GENERATION PROBABILITY IN TOPIC 32",
        "columns": ["WORD ID", "PROBABILITY", "WORD"],
        "rows": [
          {"WORD ID": "3240", "PROBABILITY": "0.08928272", "WORD": "sensor"},
          {"WORD ID": "745", "PROBABILITY": "0.05155784", "WORD": "surface"},
          {"WORD ID": "731", "PROBABILITY": "0.04075263", "WORD": "chip"},
          {"WORD ID": "1565", "PROBABILITY": "0.03685605", "WORD": "fingerprint"},
          {"WORD ID": "2704", "PROBABILITY": "0.03487420", "WORD": "pixel"},
          {"WORD ID": "3237", "PROBABILITY": "0.02077578", "WORD": "sensing"},
          {"WORD ID": "1870", "PROBABILITY": "0.02014340", "WORD": "image"},
          {"WORD ID": "2056", "PROBABILITY": "0.01775830", "WORD": "japan"},
          {"WORD ID": "1545", "PROBABILITY": "0.01686421", "WORD": "fig"},
          {"WORD ID": "633", "PROBABILITY": "0.01139858", "WORD": "calibration"},
          {"WORD ID": "3301", "PROBABILITY": "0.01232714", "WORD": "signal"},
          {"WORD ID": "1562", "PROBABILITY": "0.01066770", "WORD": "finger"},
          {"WORD ID": "5341", "PROBABILITY": "0.01017603", "WORD": "surface"},
          {"WORD ID": "2712", "PROBABILITY": "0.01007245", "WORD": "plate"},
          {"WORD ID": "404", "PROBABILITY": "0.00992144", "WORD": "area"},
          {"WORD ID": "781", "PROBABILITY": "0.00992741", "WORD": "cmos"},
          {"WORD ID": "1323", "PROBABILITY": "0.00977113", "WORD": "element"},
          {"WORD ID": "412", "PROBABILITY": "0.00866995", "WORD": "array"},
          {"WORD ID": "401", "PROBABILITY": "0.00871964", "WORD": "architecture"},
          {"WORD ID": "1551", "PROBABILITY": "0.00856932", "WORD": "film"}
        ]
      },
      {
        "type": "Table",
        "title": "TABLE IV. WORDS GENERATION PROBABILITY IN TOPIC 27",
        "columns": ["WORD ID", "PROBABILITY", "WORD"],
        "rows": [
          {"WORD ID": "1857", "PROBABILITY": "0.05555768", "WORD": "ieee"},
          {"WORD ID": "2844", "PROBABILITY": "0.04556426", "WORD": "processing"},
          {"WORD ID": "3622", "PROBABILITY": "0.02694539", "WORD": "test"},
          {"WORD ID": "3301", "PROBABILITY": "0.02646794", "WORD": "signal"},
          {"WORD ID": "3085", "PROBABILITY": "0.02580415", "WORD": "research"},
          {"WORD ID": "2969", "PROBABILITY": "0.02215385", "WORD": "received"},
          {"WORD ID": "2841", "PROBABILITY": "0.02213800", "WORD": "process"},
          {"WORD ID": "1357", "PROBABILITY": "0.02055355", "WORD": "engineering"},
          {"WORD ID": "3795", "PROBABILITY": "0.01617037", "WORD": "university"},
          {"WORD ID": "2311", "PROBABILITY": "0.01302201", "WORD": "member"},
          {"WORD ID": "1317", "PROBABILITY": "0.01155251", "WORD": "electrical"},
          {"WORD ID": "1948", "PROBABILITY": "0.01133248", "WORD": "information"},
          {"WORD ID": "1047", "PROBABILITY": "0.01100244", "WORD": "data"},
          {"WORD ID": "1094", "PROBABILITY": "0.01089243", "WORD": "degree"},
          {"WORD ID": "1135", "PROBABILITY": "0.01056529", "WORD": "design"},
          {"WORD ID": "1189", "PROBABILITY": "0.00904625", "WORD": "digital"},
          {"WORD ID": "1992", "PROBABILITY": "0.00946225", "WORD": "interest"},
          {"WORD ID": "1111", "PROBABILITY": "0.00955322", "WORD": "impact"},
          {"WORD ID": "872", "PROBABILITY": "0.00892129", "WORD": "computer"}
        ]
      },
      {
        "type": "Table",
        "title": "TABLE II. TOPICS MIXTURE IN DOC. 61",
        "columns": ["TOPIC ID", "TOPIC WEIGHT"],
        "rows": [
          {"TOPIC ID": "32", "TOPIC WEIGHT": "0.6507599"},
          {"TOPIC ID": "27", "TOPIC WEIGHT": "0.1352467"},
          {"TOPIC ID": "26", "TOPIC WEIGHT": "0.06186410"},
          {"TOPIC ID": "38", "TOPIC WEIGHT": "0.03865266"},
          {"TOPIC ID": "5", "TOPIC WEIGHT": "0.03247386"},
          {"TOPIC ID": "24", "TOPIC WEIGHT": "0.0240093"},
          {"TOPIC ID": "35", "TOPIC WEIGHT": "0.01665605"},
          {"TOPIC ID": "21", "TOPIC WEIGHT": "0.01101540"},
          {"TOPIC ID": "28", "TOPIC WEIGHT": "0.0063354"},
          {"TOPIC ID": "8", "TOPIC WEIGHT": "0.00527692"},
          {"TOPIC ID": "16", "TOPIC WEIGHT": "0.0035786"},
          {"TOPIC ID": "23", "TOPIC WEIGHT": "0.00398485"}
        ]
      },
      {
        "type": "Paragraph",
        "text": "The topic weights of Doc. 61 are shown in Table 2. Doc. 61 is “A Pixel-Level Automatic Calibration Circuit Scheme for Capacitive Fingerprint Sensor LSIs” by Hiroki Morimura et al. We can easily find out that these two papers are quite similar in their main topics."
      }
    ]
  }
  