{
    "type": "Root",
    "children": [
      {
        "type": "Header",
        "text": "Analysis Of Benefits",
        "children": [
          {
            "type": "SubHeader",
            "text": "Unquantified Benefits: Business Impacts",
            "children": [
              {
                "type": "List",
                "children": [
                  {
                    "type": "ListItem",
                    "text": "Digitization and move-to-cloud strategy. Multiple interviewed representatives said that Power Platform premium capabilities facilitated digitization and move-to-cloud strategies for their organizations. Survey responses emphasized this point as well, with 75% of respondents agreeing that premium capabilities such as premium connectors and Dataverse facilitated digital transformation and/or move-to-cloud strategy for their organizations.",
                    "children": []
                  },
                  {
                    "type": "ListItem",
                    "text": "Reliability and reduction of outage and error through automation. An interviewed platform manager at a food manufacturing and distribution company said Power Platform premium capabilities increase reliability. Being able to integrate more data, including real-time data, in a more automated and controlled fashion removes uncertainty and user error from complex manual processes that are critical to operations.",
                    "children": []
                  }
                ]
              },
              {
                "type": "SubList",
                "children": [
                  {
                    "type": "ListItem",
                    "text": "A solution architect at a financial services company said: 'Because it allows us to report on data and we can connect to Dataverse with Power BI directly and supporting direct queries, we can also connect to the data on a near real-time basis so we can view the data as it’s created or modified.'",
                    "children": []
                  },
                  {
                    "type": "ListItem",
                    "text": "Sixty-three percent of survey respondents indicated that a decreased error rate due to increased automation was a benefit of Power Platform premium capabilities including premium connectors and Dataverse. Survey respondents also indicated on average that the error rate decreased by 1.8%. Forty-eight percent of survey respondents identified decreased downtime or process outage as a benefit of Power Platform premium capabilities.",
                    "children": []
                  }
                ]
              }
            ]
          },
          {
            "type": "SubHeader",
            "text": "Flexibility",
            "children": [
              {
                "type": "Paragraph",
                "text": "The value of flexibility is unique to each customer. There are multiple scenarios in which a customer might implement Power Platform premium capabilities and later realize additional uses and business opportunities, including:",
                "children": []
              },
              {
                "type": "List",
                "children": [
                  {
                    "type": "ListItem",
                    "text": "Agility. Sixty-three percent of survey respondents agreed that premium capabilities including premium connectors and Dataverse made their organizations more agile for system changes, reducing cycle time for new products and services. Power Platform premium capabilities support greater agility for organizations as new use cases are deployed, allowing the organizations to respond more quickly to the fast-changing global business environment, from pandemics to supply-chain shocks to changes in consumer behavior.",
                    "children": []
                  },
                  {
                    "type": "ListItem",
                    "text": "Scalability. Premium capabilities, especially per-user licenses without limits on the number of connections, mean that users and organizations can incorporate more sources of data over time and expand the Power Platform environments throughout their organizations.",
                    "children": []
                  }
                ]
              },
              {
                "type": "Paragraph",
                "text": "Flexibility would also be quantified when evaluated as part of a specific project (described in more detail in Appendix A).",
                "children": []
              }
            ]
          },
          {
            "type": "Quote",
            "text": "“It’s not just time we are saving for the people; it’s the time we are saving for [our organization] to be more agile.”",
            "attribution": "Platform manager, food manufacturing and distribution company",
            "children": []
          }
        ]
      },
      {
        "type": "Footer",
        "text": "A FORRESTER TOTAL ECONOMIC IMPACT™ STUDY COMMISSIONED BY MICROSOFT",
        "children": []
      },
      {
        "type": "PageNumber",
        "text": "19",
        "children": []
      }
    ]
  }
  