{
    "type": "Root",
    "children": [
      {
        "type": "Header",
        "text": "Analysis Of Benefits",
        "children": [
          {
            "type": "SubHeader",
            "text": "Quantified benefit data as applied to the composite",
            "children": []
          },
          {
            "type": "Table",
            "text": "Total Benefits",
            "children": [
              {
                "type": "TableRow",
                "row": 0,
                "children": [
                  {"type": "TableCell", "row": 0, "col": 0, "text": "Ref."},
                  {"type": "TableCell", "row": 0, "col": 1, "text": "Benefit"},
                  {"type": "TableCell", "row": 0, "col": 2, "text": "Year 1"},
                  {"type": "TableCell", "row": 0, "col": 3, "text": "Year 2"},
                  {"type": "TableCell", "row": 0, "col": 4, "text": "Year 3"},
                  {"type": "TableCell", "row": 0, "col": 5, "text": "Total"},
                  {"type": "TableCell", "row": 0, "col": 6, "text": "Present Value"}
                ]
              },
              {
                "type": "TableRow",
                "row": 1,
                "children": [
                  {"type": "TableCell", "row": 1, "col": 0, "text": "Atr"},
                  {"type": "TableCell", "row": 1, "col": 1, "text": "Eliminated traditional development effort"},
                  {"type": "TableCell", "row": 1, "col": 2, "text": "$630,000"},
                  {"type": "TableCell", "row": 1, "col": 3, "text": "$1,710,000"},
                  {"type": "TableCell", "row": 1, "col": 4, "text": "$2,430,000"},
                  {"type": "TableCell", "row": 1, "col": 5, "text": "$4,770,000"},
                  {"type": "TableCell", "row": 1, "col": 6, "text": "$3,811,645"}
                ]
              },
              {
                "type": "TableRow",
                "row": 2,
                "children": [
                  {"type": "TableCell", "row": 2, "col": 0, "text": "Btr"},
                  {"type": "TableCell", "row": 2, "col": 1, "text": "Streamlined business processes"},
                  {"type": "TableCell", "row": 2, "col": 2, "text": "$745,875"},
                  {"type": "TableCell", "row": 2, "col": 3, "text": "$2,601,000"},
                  {"type": "TableCell", "row": 2, "col": 4, "text": "$5,508,000"},
                  {"type": "TableCell", "row": 2, "col": 5, "text": "$8,854,875"},
                  {"type": "TableCell", "row": 2, "col": 6, "text": "$6,965,897"}
                ]
              },
              {
                "type": "TableRow",
                "row": 3,
                "children": [
                  {"type": "TableCell", "row": 3, "col": 0, "text": "Ctr"},
                  {"type": "TableCell", "row": 3, "col": 1, "text": "Application retirement savings"},
                  {"type": "TableCell", "row": 3, "col": 2, "text": "$0"},
                  {"type": "TableCell", "row": 3, "col": 3, "text": "$195,300"},
                  {"type": "TableCell", "row": 3, "col": 4, "text": "$446,400"},
                  {"type": "TableCell", "row": 3, "col": 5, "text": "$641,700"},
                  {"type": "TableCell", "row": 3, "col": 6, "text": "$496,792"}
                ]
              },
              {
                "type": "TableRow",
                "row": 4,
                "children": [
                  {"type": "TableCell", "row": 4, "col": 0, "text": "Dtr"},
                  {"type": "TableCell", "row": 4, "col": 1, "text": "Improved business outcomes"},
                  {"type": "TableCell", "row": 4, "col": 2, "text": "$816,000"},
                  {"type": "TableCell", "row": 4, "col": 3, "text": "$1,122,000"},
                  {"type": "TableCell", "row": 4, "col": 4, "text": "$1,734,000"},
                  {"type": "TableCell", "row": 4, "col": 5, "text": "$3,672,000"},
                  {"type": "TableCell", "row": 4, "col": 6, "text": "$2,971,871"}
                ]
              },
              {
                "type": "TableRow",
                "row": 5,
                "children": [
                  {"type": "TableCell", "row": 5, "col": 0, "text": ""},
                  {"type": "TableCell", "row": 5, "col": 1, "text": "Total benefits (risk-adjusted)"},
                  {"type": "TableCell", "row": 5, "col": 2, "text": "$2,191,875"},
                  {"type": "TableCell", "row": 5, "col": 3, "text": "$5,628,300"},
                  {"type": "TableCell", "row": 5, "col": 4, "text": "$10,118,400"},
                  {"type": "TableCell", "row": 5, "col": 5, "text": "$17,938,575"},
                  {"type": "TableCell", "row": 5, "col": 6, "text": "$14,246,205"}
                ]
              }
            ]
          },
          {
            "type": "SubHeader",
            "text": "Eliminated Traditional Development Effort",
            "children": [
              {
                "type": "Paragraph",
                "text": "Evidence and data. Premium capabilities were key to unlocking the benefits of teams of professional developers and nontechnical citizen developers, sometimes called 'fusion teams', working together to meet the development needs of the interviewees’ and respondents’ organizations. For global enterprises, extending the efficient, cost-effective, and targeted efforts to incorporate new data and build applications and flows could not have been accomplished without Power Platform premium capabilities.",
                "children": []
              },
              {
                "type": "Quote",
                "text": "“The Dataverse also has flexibility to package [and] recreate an environment and expand the scope of use.”",
                "attribution": "Head of Power Platform, transportation",
                "children": []
              },
              {
                "type": "List",
                "children": [
                  {
                    "type": "ListItem",
                    "text": "A solution architect at a financial services company said: '[Power Platform has] increased the amount of citizen developers [by making] low-code [and] no-code platforms widely available. So, today, we have [many] active makers who are creating apps and flows. Most of them would not have any other way to create those systems if it wasn’t for the Power Platform.' The same interviewee also felt that premium capabilities had been a factor in the overall effectiveness of Power Platform.",
                    "children": []
                  },
                  {
                    "type": "ListItem",
                    "text": "A lead engineer at a bottling and distribution company said: 'We can have anyone be a citizen developer. We don’t need to hire professional developers that are expensive — more expensive than Power Platform developer[s]. At the same time, a single Power Platform developer can deliver more apps in the same amount of time for me, which decrease not just cost of delivery, [but] also delivery rates.'",
                    "children": []
                  },
                  {
                    "type": "ListItem",
                    "text": "Seventy-eight percent of survey respondents agreed that their organization’s investment in premium capabilities improved collaboration between professional developers and citizen developers, with 77% agreeing that the premium capabilities were crucial for achieving the results they’ve seen.",
                    "children": []
                  }
                ]
              }
            ]
          }
        ]
      },
      {
        "type": "Footer",
        "text": "A FORRESTER TOTAL ECONOMIC IMPACT™ STUDY COMMISSIONED BY MICROSOFT",
        "children": []
      },
      {
        "type": "PageNumber",
        "text": "10",
        "children": []
      }
    ]
  }
  